,dataset,model,metric,1,2,3,4,5,6,7,8,9,10,11,12,13,14,15,16,17,18,19,20,21,22,23,24,25,26,27,28,29,30,31,32,33,34,35,36,37,38,39,40,41,42,43,44,45,46,47,48,49,50,51,52,53,54,55,56,57,58,59,60,61,62,63,64,65,66,67,68,69,70
0,amazon-google,timesfm,mase,0.7324615310886481,0.6381745299482736,0.602516390877448,0.5392083022014813,0.5937683226683418,0.6565703419901877,0.6503532277026746,0.6463981440717365,0.6098134892393986,0.6197249565338177,0.7061324603517936,0.49790792590162725,0.7836443570861881,0.6345248050888865,0.777821253568569,0.6827433226603619,0.6539700278075119,0.6740544485387078,0.5842900779108289,0.6453978274822523,,,,,,,,,,,,,,,,,,,,,,,,,,,,,,,,,,,,,,,,,,,,,,,,,,
1,amazon-google,timesfm,tce,0.01644161522633743,0.03582175925925923,0.036535493827160474,0.019830246913580235,0.03614326131687245,0.02246656378600824,0.02338605967078189,0.0233796296296296,0.028600823045267478,0.02737268518518518,0.045826903292181066,0.051838991769547316,0.13252314814814817,0.028960905349794213,0.09574974279835395,0.06581790123456792,0.014930555555555577,0.04001414609053498,0.03841949588477362,0.10061085390946502,,,,,,,,,,,,,,,,,,,,,,,,,,,,,,,,,,,,,,,,,,,,,,,,,,
2,amazon-google,timesfm,msis,2.4006846818407737,2.209623072573153,1.9947376316048344,1.8325493977645488,1.8011485865461758,2.0208935477535532,2.060843269145945,2.126875464936984,1.9664490671920256,1.940922752286876,2.3397001532054804,1.660875349935942,2.083150801319873,2.189554435053931,2.007897050279436,1.9582552553411239,2.100207418948099,2.155087337408743,2.1039444556851192,1.9194669515343308,,,,,,,,,,,,,,,,,,,,,,,,,,,,,,,,,,,,,,,,,,,,,,,,,,
3,amazon-google,timesfm,wql,87.68997124839078,75.21105433314864,41.02130126744861,38.56809139881885,33.76529527589062,40.68823107223012,39.399858253897364,39.67787142404611,38.83684809973546,38.18008506865961,43.86555630252897,35.90153300019188,44.586398989467355,43.273911280944844,56.86816557206822,39.788069928548495,43.197211466762376,46.94539447153274,39.26852716800241,34.684961627319176,,,,,,,,,,,,,,,,,,,,,,,,,,,,,,,,,,,,,,,,,,,,,,,,,,
4,amazon-google,moirai,mase,0.817576867253247,0.6920037809222375,0.7311113828554535,0.6323659719459674,0.7399354543867979,0.7700813005238099,0.7803968703604914,0.7508788562729165,0.7400061428869635,0.7647611848377669,1.0555114439930917,0.6879483887296631,0.8387821167942152,0.8260417469557997,0.9512867546228204,0.9683592055876792,0.7046065473410347,0.75603406598455,0.7007755325975068,1.1153830044732482,,,,,,,,,,,,,,,,,,,,,,,,,,,,,,,,,,,,,,,,,,,,,,,,,,
5,amazon-google,moirai,tce,0.0508101851851852,0.04628986625514403,0.06323945473251029,0.04434799382716046,0.06284079218106994,0.048720421810699584,0.05446244855967077,0.04826388888888888,0.04191100823045265,0.05339506172839504,0.04934413580246913,0.0786972736625514,0.040348508230452655,0.0403935185185185,0.047106481481481506,0.0362718621399177,0.03965406378600821,0.03216306584362138,0.031822273662551435,0.07374614197530863,,,,,,,,,,,,,,,,,,,,,,,,,,,,,,,,,,,,,,,,,,,,,,,,,,
6,amazon-google,moirai,msis,2.4792821400238876,2.2856384563365086,2.4114610354813117,2.2681307334707954,2.510613382140485,2.5225212425143906,2.593779772638302,2.52117386750127,2.4734838395186802,2.557336590979931,3.5351510070484857,2.9695804415969027,2.9869188597849967,2.8804031261929186,3.0304635598256704,3.2593039626583193,2.5680245213218473,2.6213057801259936,2.4141702849652016,3.838770092195833,,,,,,,,,,,,,,,,,,,,,,,,,,,,,,,,,,,,,,,,,,,,,,,,,,
7,amazon-google,moirai,wql,98.5126268717926,81.94211047244727,50.71243138271987,45.78596987921969,43.19480109267505,48.96716920779086,48.48714317994359,47.026989909902596,48.704953664817694,48.477515780062035,65.36331535158233,50.95113512569536,47.273169272716416,55.66744094013003,69.3239492482974,55.61431032997031,46.71000976823906,52.922471840988656,47.3083665934042,58.63845677566313,,,,,,,,,,,,,,,,,,,,,,,,,,,,,,,,,,,,,,,,,,,,,,,,,,
8,amazon-google,chronos,mase,0.7801857061675679,0.6738947051458011,0.632640522152595,0.5559868870732482,0.5915132146325338,0.6671384700462769,0.6402746775977595,0.6488037779398617,0.5978274562020244,0.6047676167450333,0.7432261975195193,0.5094062765613097,0.6140348935396901,0.6607284648204218,0.7794300577869105,0.7232515297402218,0.693467941699041,0.7109665856388913,0.62472355183797,0.6931515800577966,,,,,,,,,,,,,,,,,,,,,,,,,,,,,,,,,,,,,,,,,,,,,,,,,,
9,amazon-google,chronos,tce,0.5475565843621399,0.5607060185185185,0.5955889917695474,0.5941743827160494,0.5876157407407409,0.5938850308641976,0.606616512345679,0.5804783950617285,0.5854938271604939,0.5807355967078189,0.5525720164609054,0.5685828189300411,0.5616705246913581,0.5471386316872427,0.5943029835390946,0.576877572016461,0.5614776234567902,0.5483281893004116,0.5421875000000002,0.5447273662551441,,,,,,,,,,,,,,,,,,,,,,,,,,,,,,,,,,,,,,,,,,,,,,,,,,
10,amazon-google,chronos,msis,1.0335223227034267,0.9320806751625625,0.7859988612850182,0.6819845646582625,0.7213723888242349,0.7966697178017769,0.7598937037694411,0.7804130512506398,0.7208318780906731,0.7273474830457305,0.9226315607502765,0.6506417725791349,0.7685471821450158,0.8651963650284707,0.9073407326082267,0.8919319146283481,0.9499526969551725,0.9624444908024005,0.8638156590811916,0.8186160457395985,,,,,,,,,,,,,,,,,,,,,,,,,,,,,,,,,,,,,,,,,,,,,,,,,,
11,amazon-google,chronos,wql,106.80612010324633,89.97040309492387,49.924543141898994,45.60879246953319,38.93461358385673,47.78145989737253,44.818186462140424,45.8265820052106,44.18217696295349,43.114854419964104,53.780695450179536,42.36810769639845,39.71352370377567,51.21458902048768,65.5005889119766,47.39667587345372,51.51812158668021,56.285912801345496,47.06751092784283,42.610244570637974,,,,,,,,,,,,,,,,,,,,,,,,,,,,,,,,,,,,,,,,,,,,,,,,,,
12,amazon-google,lag-llama,mase,1.89803727712447,1.7574747957508352,2.4891744118126233,2.2912039983331334,2.7773973082384087,2.783673165090832,2.647416912891208,2.800237911264795,2.446420365011838,2.5010422554769343,3.416975297947778,3.3491394489745647,3.875893426825903,3.202430575557237,3.303663602620238,3.704757543522823,3.0220431304804354,2.9613275707013207,2.9507775018894367,3.9778205087302587,,,,,,,,,,,,,,,,,,,,,,,,,,,,,,,,,,,,,,,,,,,,,,,,,,
13,amazon-google,lag-llama,tce,0.2902520576131687,0.28864454732510286,0.14997427983539094,0.13305041152263372,0.13476080246913577,0.1351594650205761,0.13146862139917692,0.14176954732510286,0.1292052469135802,0.13037551440329218,0.23582175925925927,0.1681198559670782,0.17893518518518517,0.21469907407407404,0.16651234567901235,0.19025205761316874,0.21910365226337447,0.2040573559670782,0.18211805555555557,0.2050733024691358,,,,,,,,,,,,,,,,,,,,,,,,,,,,,,,,,,,,,,,,,,,,,,,,,,
14,amazon-google,lag-llama,msis,5.705217579953241,5.608586124874872,11.252744033325603,11.835322386800891,15.086638429964772,13.80456639679462,14.34393833527405,13.843823285210513,13.546274442760188,14.350286808479739,14.145323258215324,15.45584280476439,17.90194921048514,13.157294438072345,13.302070536774417,16.86832770227952,12.063904919122672,11.709014252693327,12.441796336097752,18.477782387856045,,,,,,,,,,,,,,,,,,,,,,,,,,,,,,,,,,,,,,,,,,,,,,,,,,
15,amazon-google,lag-llama,wql,239.95750703306604,215.18874868279894,178.6460477558745,173.52017234049327,168.43722224240742,182.43459775302586,170.95262012979407,180.14202208448296,168.87663351236702,166.60792701964095,228.86437362153163,268.06394394812196,233.32907409394835,228.33999364139603,246.14938520495582,228.6079813135647,207.15213378165123,216.2416991384895,202.69970903880525,228.2879256235068,,,,,,,,,,,,,,,,,,,,,,,,,,,,,,,,,,,,,,,,,,,,,,,,,,
16,amazon-google,nbeats,mase,0.9865468603532255,0.7838184399089712,0.8561860603532833,0.7338395275074918,0.8869630204455476,0.9746371777970813,0.9275887086682473,0.9158784476291557,0.8958143268571828,0.9154207892149345,1.6489798091796486,2.0127957244238353,1.3393052340385079,1.2370226285410606,1.5031722376222727,1.387010488153058,0.9454953090072176,0.9638444455344549,0.9970109261105127,1.8883921737341733,,,,,,,,,,,,,,,,,,,,,,,,,,,,,,,,,,,,,,,,,,,,,,,,,,
17,amazon-google,nbeats,tce,0.1919030134286368,0.14967090335156538,0.20890863155962122,0.398936619093934,0.46706973472699304,0.4034023796882044,0.4934213615250793,0.3485306455431632,0.5196991296241548,0.6095604445916317,0.4037267170205377,0.5836803977889077,0.4271342652440014,0.31360585052917667,0.46159301584151785,0.4019857796104683,0.17717662151777955,0.162836245323501,0.24514054629716328,0.6107475018224467,,,,,,,,,,,,,,,,,,,,,,,,,,,,,,,,,,,,,,,,,,,,,,,,,,
18,amazon-google,nbeats,msis,2.0937138811423988,1.8210786913476225,1.8135090210016516,1.1722609184728645,1.2413390038228622,1.4846784949094443,1.2191938112205412,1.5203112172176603,1.1143602995030595,1.0094992546917287,2.5622493040450722,2.4817504633808527,2.102208203673205,2.2624043612490095,2.269978372308555,2.153591328823731,2.184538239530674,2.264780298635896,2.0836532060976873,2.1268856312377156,,,,,,,,,,,,,,,,,,,,,,,,,,,,,,,,,,,,,,,,,,,,,,,,,,
19,amazon-google,nbeats,wql,125.69821909132574,97.61438256880115,63.19633602959815,58.99328529915447,58.270693606817325,68.44928031566005,65.64175323839764,62.39685502349072,68.12428108261108,68.83522205950894,114.01888746127807,172.87177186493554,83.91958545562973,90.82458794541105,121.55450381813534,88.85907778763863,65.13025209770879,70.70810000250839,70.30777410439458,119.35238519569972,,,,,,,,,,,,,,,,,,,,,,,,,,,,,,,,,,,,,,,,,,,,,,,,,,
20,amazon-google,autoarima,mase,0.767189043999966,0.6956512235738223,0.6579944430498567,0.6215009360251336,0.6870622200798826,0.7646953708492907,0.7211023339751637,0.7365335358449702,0.6968633307186276,0.7015413865660717,1.2732189904245999,1.3987527784461173,1.0510539872132783,0.9385794418947282,1.064150751390334,1.162429277596354,0.7532380561395909,0.7980978996673633,0.7835052384024784,1.4009937009671225,,,,,,,,,,,,,,,,,,,,,,,,,,,,,,,,,,,,,,,,,,,,,,,,,,
21,amazon-google,autoarima,tce,0.10707355299806433,0.18104661980315365,0.10229028457289491,0.17090936589375474,0.09537327644576259,0.10833795930311509,0.11616330202542931,0.10656460115614819,0.12190043445540072,0.11671554227532188,0.06779238509420672,0.08802326952799454,0.05219572893452592,0.05536997744321218,0.07533333435768279,0.052847301808767656,0.08581008475298407,0.09359513228507936,0.11842307961290889,0.059094874714689216,,,,,,,,,,,,,,,,,,,,,,,,,,,,,,,,,,,,,,,,,,,,,,,,,,
22,amazon-google,autoarima,msis,3.735427920910241,5.141787598026369,3.056198626173759,4.98138350979334,3.2208559709918236,3.6411450559595044,3.8232071692164675,3.6777519667466865,4.05316594720133,3.856089903790581,5.065981243670633,6.516200054449802,4.49730283521275,3.916300830523742,4.942153140778022,4.96440849175938,3.3409743582018074,3.7150471944123473,3.8795476908436672,5.33303920060708,,,,,,,,,,,,,,,,,,,,,,,,,,,,,,,,,,,,,,,,,,,,,,,,,,
23,amazon-google,autoarima,wql,120.42981566346089,133.6475741010255,56.584398363830275,80.16115308365843,51.47156654498757,62.1974505670865,61.84242075472041,60.85048487739152,66.55830208329952,62.818201095236354,96.4447216132283,130.61141445710075,74.90049710501788,77.595672869328,104.70059015385641,84.71573444390296,60.0961245553769,70.75097908050469,66.7717291536627,88.98569736431004,,,,,,,,,,,,,,,,,,,,,,,,,,,,,,,,,,,,,,,,,,,,,,,,,,
24,m5,timesfm,mase,1.0010374110162135,0.9312812430275256,1.0190981769716827,1.120266739351894,1.0595100221083524,0.8221948271410471,0.995392417083039,0.9768615192907023,1.2216767479835058,1.0695655202727956,0.8459145733648903,2.673197993381084,0.7609876783065438,0.7989892910031272,0.7363860760041474,0.6845785905823591,0.8704791587239987,1.1697731553460953,1.377162254177567,0.8419843346413097,0.6389336050393903,1.1140463954204058,0.842432360437276,0.9409774779674042,0.7299631023271405,0.709158952527658,0.8339376646974134,0.7305933391317033,1.0021315544652736,0.6947751430194498,0.6703370723975765,0.7495021224380444,0.7819507928890443,0.8901665491662366,0.7504859089796914,0.6492844913382415,0.7597865573754315,0.6598766148534383,0.7421507291998605,0.7057054355635077,1.1007178752135685,1.1352353062121723,1.5763032569259898,1.178930788917629,1.3795613927417016,1.3013386490391607,1.2498676778769593,1.0817222298141633,1.275742574033779,1.0585626162627546,0.693252309927356,0.6939002363600574,0.8761161253932366,0.8920600425803655,0.6483907524077859,0.7206775420855626,1.0615067006025427,0.7647338135952799,1.1931067994839584,0.8469068885090806,0.6739623331203745,0.5818678422253041,0.7923768656594251,0.9254510838634649,0.9084555327683825,0.770813503631097,0.8264312178890475,0.7781274858934746,1.0810513177679264,0.8671572969943951
25,m5,timesfm,tce,0.03189203354297696,0.07703092243186581,0.05121855345911952,0.022746331236897278,0.014819182389937118,0.020676100628930823,0.054088050314465404,0.05001310272536689,0.03115828092243188,0.04865041928721175,0.0627620545073375,0.21590670859538785,0.0899109014675052,0.038653039832285095,0.06838312368972743,0.05343291404612157,0.06544811320754713,0.07003406708595385,0.1133385744234801,0.11690251572327044,0.09008123689727464,0.11623427672955976,0.0383778825995807,0.055162473794549284,0.028668763102725352,0.04274109014675048,0.047497379454926596,0.04647536687631023,0.07586477987421382,0.07822327044025154,0.03722484276729559,0.0821802935010482,0.05272536687631024,0.04308176100628929,0.025877882599580692,0.03794549266247376,0.04924004192872113,0.051952306079664536,0.07760744234800838,0.045859538784067046,0.03026729559748428,0.09381551362683438,0.025406184486373152,0.04435272536687631,0.0600104821802935,0.04561058700209645,0.06812106918238997,0.03187893081761008,0.0567479035639413,0.033582285115304,0.077751572327044,0.12025681341719079,0.049528301886792435,0.04047431865828088,0.07441037735849053,0.055935534591194935,0.046121593291404604,0.042583857442347973,0.036045597484276694,0.060049790356394094,0.037316561844863726,0.0410246331236897,0.03835167714884697,0.023794549266247394,0.07193396226415094,0.03580974842767295,0.04482442348008383,0.04067085953878404,0.02171121593291403,0.025209643605870052
26,m5,timesfm,msis,3.242236979687852,3.0683401149644305,3.0627184771238563,3.579692003038554,3.540491689568053,2.7621385340470685,3.297084213849317,3.0088121051653935,4.1059544262908325,3.2555894906578806,3.298177756895127,6.158016734800038,3.193201867982111,2.800352989581698,2.8194397778493547,2.6033403663184758,3.285509002726335,4.36521950744807,4.257344727689141,2.7761470065355005,2.328497289861864,3.0004367067950652,3.2433209337888798,2.794497834348761,2.573605329390473,2.613853302450984,3.0041367128672807,2.895580073986063,3.2348106360252022,2.6354580929992126,2.3354165118896484,2.499157321582296,2.7797484743482133,3.0124878491022957,2.6125822169770183,2.3813343954475767,2.812114379306337,2.4344103066056886,2.5303702196632973,2.424734417340331,3.69380971169022,3.583107667535029,5.5765014961500565,3.6159518215714677,4.365639232662911,4.166383138115833,3.8688584093899365,3.4120723739177894,3.707317600395994,3.2982151082894124,2.7039044998165904,2.0848143870899305,3.278447728032926,3.0931673552558885,2.6029464595568217,2.688315947224689,3.8063767992532678,2.7116358530190467,4.282978346704658,3.42667768501336,2.4396383001655377,2.1532397949755393,2.670736810409665,2.9884187955409973,2.76550517908809,2.6363206156369023,3.0074318225674452,2.7516917726471517,3.61408567615005,2.815747794173532
27,m5,timesfm,wql,60.6610021732927,55.665754338234436,57.17747749799303,50.29390083087591,59.67391599029059,53.25745528804768,50.691127956261106,58.53780464991404,61.008634984523525,61.1208450344536,48.16124954257643,85.58961824038046,38.68311926024834,38.614875943443465,45.164460878318586,42.879180000282,43.36954976401901,46.19688881004359,64.89361495735123,55.74664107993769,38.94251418057282,52.07641911285807,38.242193712880606,39.51586692682433,44.31963725058781,42.04158406494909,42.00162008789951,38.615733100265125,50.304072639837386,42.39589350455252,42.83424280198652,55.46853745048863,43.39868054312673,49.449895069393435,54.04643401357363,44.15896052026085,42.163947716719974,55.51729116334715,50.26051998587717,55.587976850452655,98.49938339118182,102.66653076739853,120.82112615321307,131.0417905991318,116.65495286149596,123.9781573937874,114.55468949572136,107.48776154095839,126.95939235618181,114.94321175172033,34.45526937368183,43.47328940104686,34.81056969024098,33.474506891136414,30.179155817186757,36.02406867354461,43.09109700536424,42.94819109991897,52.657784444037794,46.101639255832964,39.98865945315778,37.3104704858044,39.31337781338268,44.33244709901297,46.693499458084574,42.775936052948815,41.819157103175435,46.84082595343625,55.34256368253574,51.289058831984754
28,m5,moirai,mase,1.095692167944025,0.9409491236856735,1.0008348692983298,1.1444375771379074,1.1527244480072874,0.8627945192299216,1.014581025262923,0.9677157845359068,1.3441031105260222,1.1395463669793808,0.8743377296114476,2.469188175262335,0.9739315663304071,0.8666099483976827,0.8623851057580879,0.749115774748006,1.2208699318378207,1.3357291024444462,2.459404653609615,1.3436505962225034,0.6633017715965568,1.2090483275979818,0.901610956561033,0.8937813622599091,0.797110931184019,0.7476613395191481,0.9034707204473159,0.8103483219574312,1.542667070262456,0.8764716474360958,0.6937750415619077,0.7406581334001742,0.8441611195722998,0.9149840245307186,0.7620827961597229,0.6689939857603553,0.7898923148401752,0.6827368460371384,0.7748601324092868,0.7000129252410618,1.124699170231507,1.169048311785528,1.2995533812547244,1.2058834251825166,1.408389812962235,1.229891294979022,1.3113328635286607,1.128346295668322,1.3011956464175973,1.059731178536474,0.7766152001855143,0.8414899073722772,1.0017548662213098,0.9704820019796976,0.706972623962885,0.7419056299342635,1.0149551021402223,0.7950294583127873,1.3951413925435439,0.8206017166769293,0.7687488536706847,0.7593124454723089,0.8663906046448934,0.9312236115591426,0.9293117023811791,0.8234448850119006,0.8779493256826881,0.8363143716297061,1.107784098579375,0.9013717594859569
29,m5,moirai,tce,0.051755765199161426,0.07397798742138363,0.026650943396226423,0.038928197064989505,0.03670073375262053,0.031433438155136245,0.04185010482180292,0.052253668763102716,0.05361635220125783,0.050642033542976916,0.114085429769392,0.13541666666666666,0.09740566037735844,0.04481132075471694,0.07490828092243183,0.06629979035639409,0.0811320754716981,0.06370545073375258,0.12517033542976944,0.07230083857442347,0.1082154088050314,0.1417583857442348,0.06746593291404608,0.08354297693920336,0.050838574423480054,0.07963836477987418,0.06814727463312366,0.0823899371069182,0.06639150943396228,0.10698375262054503,0.04105083857442345,0.04402515723270439,0.027686058700209622,0.05796645702306077,0.01580188679245283,0.048702830188679234,0.05364255765199161,0.03666142557651991,0.055490041928721166,0.03139412997903564,0.03704140461215932,0.051035115303983226,0.0916535639412998,0.03304507337526206,0.029297693920335405,0.04111635220125786,0.05938155136268345,0.037657232704402514,0.036045597484276756,0.022720125786163545,0.12819706498951777,0.09875524109014672,0.07704402515723267,0.024266247379454917,0.10754716981132073,0.08546907756813414,0.0696802935010482,0.06737421383647796,0.07446278825995804,0.07832809224318654,0.06539570230607965,0.08186582809224315,0.08704140461215933,0.032874737945492664,0.039190251572327035,0.041968029350104796,0.050170335429769376,0.07150157232704402,0.036346960167714853,0.025445492662473826
30,m5,moirai,msis,4.321185792354443,3.3442861889691478,3.762155759515512,4.281301269947309,4.454615689474675,3.440279734776032,3.758292401762017,4.021346481599893,5.228697392082175,4.361696360778044,3.9930278209062826,7.787336701815712,4.289142856773608,3.368321268503895,3.6188906755930432,3.07162473890232,4.91127422526745,5.107782811199658,6.899224298849743,4.859868127809834,3.125038702786366,4.159999505764602,3.7964698285759635,3.0215846085387086,3.105094933830272,3.1072395141106752,3.6868137098651395,3.4682826158126887,4.968730273544201,3.752184177016867,2.5482787614891684,2.5566203334851894,3.0225377552498713,3.4605492979065304,2.679915317538467,2.573331983804238,3.10964670949604,2.584035056098799,2.777742673064865,2.4326287915897042,4.327618114261381,4.169508996632563,5.099515696342025,4.367250695608669,5.397745407977473,4.4578897682853595,4.756734166163358,3.938813901454923,4.424978597114147,3.5721957303880836,3.8126590849354938,3.392462976022553,4.31502740892331,3.473796811412839,3.3465656675010607,3.0929319697489306,4.317950061086097,3.446686104893825,5.822808645009817,3.611560700806458,3.2829991880140765,3.1908948594000095,3.1712718065765992,3.268369924452937,3.2034812635047807,3.1884868419769017,3.4820355409909802,3.107477011544242,4.107475696647771,3.085402567850517
31,m5,moirai,wql,67.61356165363316,56.43398104898409,56.750656828287845,52.225950830551554,65.54587359117781,56.754836427589154,51.9577781912411,59.96431307589994,67.32097907911651,65.8641565755752,50.88417532555756,76.62653437063688,49.168313128549826,42.22807197510589,53.67747428187503,47.40002081414922,60.02391151607649,52.625737531144935,113.39332740629825,86.1919337637541,41.420542939834874,55.81875708019259,40.94615112902462,37.60963095430053,48.825513310770944,44.706452734276965,45.990097199698845,42.424098991918825,75.75451440225719,53.5785722468576,44.386160515587136,54.45385190714501,47.47420071599427,51.320059093179246,55.37165179422112,45.948152879463066,44.484215703337696,58.64940894092943,52.554663764079194,55.72462430775958,102.06358009410145,106.92623500466033,103.01497770273704,134.3079898539898,121.13108119557727,118.30015539273771,122.38218014001387,112.58372372818341,130.62107784785516,116.27176677647842,40.0655009139578,52.02466284352712,40.251614044324576,36.60882279558778,33.96160677952547,37.56025296615395,42.14848850804337,46.89078423396732,62.33909261543896,45.693129995524444,45.85108955120703,47.802169757234026,43.27164827408241,45.151357557363724,47.89750425293961,46.27699915809916,45.10517177502783,50.755345346996535,56.95741498066508,54.092113241596365
32,m5,chronos,mase,1.0789807285095794,0.9540118330301549,1.0287487361099474,1.2017396254167274,1.1550148341898632,0.8780065849463617,1.0691303672441543,1.0016577694421336,1.341111038764443,1.1633443094993734,0.7947789034113959,2.191590374315676,0.9205080820816685,0.8502839071329539,0.8251496712851835,0.7529277179128206,1.1520117564293735,1.2604715991219853,1.983533556603371,1.1324721472897714,0.6440515099056405,0.95358272388932,0.9318011873368839,0.9132661744248979,0.7983114513200048,0.7407584867715168,0.883786366469599,0.7890859678219639,1.2327625810944156,0.8694501996228632,0.7290954415757644,0.7127211917630504,0.8781019359765858,0.928083627335823,0.7939707604273831,0.676031073938734,0.8023813062402525,0.6413054166605398,0.8209162962000093,0.7516886176046084,1.1398781861897338,1.206203017231342,1.1847854489835492,1.2179728593657033,1.4052095508822502,1.1750301848480438,1.2693011508462484,1.1333800421902862,1.3040605137225214,1.0804432845288245,0.6635385337015424,0.6496933328883593,0.948619195223861,0.9465789931110165,0.6599200977660183,0.7153190630920839,1.0216197956912598,0.7502985298451562,1.4298187129036863,0.8589209373667742,0.7415941401726671,0.6243580542417717,0.7995131488533163,0.9260491459025988,0.8942660646353742,0.824337746177006,0.8484960023564436,0.815671468451,1.106667811640637,0.8759067928214612
33,m5,chronos,tce,0.6209512578616353,0.6244234800838576,0.6156446540880504,0.5930424528301889,0.6345780922431866,0.6119103773584906,0.6116483228511531,0.6122379454926624,0.6322196016771489,0.6188548218029349,0.5714884696016772,0.6419156184486373,0.583149895178197,0.5696540880503145,0.5923218029350106,0.5940251572327044,0.6201650943396227,0.6003799790356394,0.5967767295597485,0.6174135220125786,0.5859669811320755,0.5732573375262054,0.5537997903563942,0.5724711740041929,0.6172824947589098,0.5844601677148847,0.5965801886792453,0.5913390985324948,0.5806603773584906,0.5857049266247379,0.5895702306079665,0.614727463312369,0.6075864779874215,0.6030660377358491,0.6235718029350106,0.6014281970649895,0.5845911949685535,0.6289439203354298,0.6104035639412998,0.6392295597484278,0.562185534591195,0.5585167714884697,0.5672955974842768,0.545872641509434,0.5777122641509435,0.5849842767295598,0.5891771488469603,0.5647405660377359,0.5763364779874215,0.5910115303983229,0.5824292452830189,0.618003144654088,0.5631682389937107,0.5367007337526206,0.5504585953878407,0.5549135220125786,0.5659853249475891,0.5792190775681342,0.5735849056603773,0.574043501048218,0.6145309224318659,0.5852463312368973,0.5388626834381552,0.57541928721174,0.583477463312369,0.5986111111111111,0.5773846960167716,0.6052279874213836,0.6180031446540881,0.591208071278826
34,m5,chronos,msis,1.333764872996619,1.066325494323696,1.2351037990613918,1.3930959798309328,1.3459139536554396,1.0420482144030248,1.2028262096548377,1.2349788313730488,1.5401385252651787,1.2528372612650465,1.0371149655127763,2.21952591566413,1.159564685056222,1.1075175645733513,1.0207526526478727,0.9295992707748724,1.316298831124929,1.4991214143608889,2.22294851433889,1.2099661770222219,0.8870106522192353,1.1451795951946926,1.2753904751995537,1.2001052156890344,1.0221848950244474,0.9644688397374692,1.151482649492413,1.057668762914101,1.516512271196366,1.0030678891129956,0.9082369385232193,0.8181189774210023,1.0722315441754828,1.0813903443158135,0.922035819422963,0.8604735798402793,1.0096027524333349,0.7742458481046689,0.9088140720297239,0.8443996075482626,1.4568291436818261,1.4303343371926223,1.5513609060110136,1.6361679082247227,1.7318737566430817,1.4593552707129094,1.5212057624324116,1.4295847580021304,1.5869617240644214,1.3823687846426111,0.9067709657506489,0.7913215884195411,1.3388844509226705,1.2476217607713147,0.9639912435664084,0.9441497975570925,1.3529030383611718,0.9702235399981146,1.5806572975715387,1.063897546976743,0.9727304692557243,0.8044662788433621,1.0836642289666796,1.1665287280237508,1.0813976856189194,1.0494874018422442,1.1073529012292365,1.0030261583616962,1.2679537241736651,1.0369679199259307
35,m5,chronos,wql,73.25546436554905,65.8225052707567,64.66559228194309,62.326494110340604,73.88201621072064,63.94756235930327,63.0343509789127,66.83191085659536,77.6150810925921,77.75395368160406,50.86618798016668,80.18902961551552,52.16801840222654,46.26734681473303,57.74460299559278,53.075454221323454,66.00176304759462,57.24133330986892,108.90904033823755,87.57976353288686,42.973379020391526,50.43309798611904,46.739003591013656,43.17091612798755,54.112397087187254,48.96747518186775,49.772899645103315,44.471310278789105,71.16920483095012,62.16401352618412,52.50018463142864,60.48333354001723,55.917153422107546,59.543913555130274,65.33742383139727,51.62279373000548,50.25612663237568,60.66192134363519,65.32557284918178,69.3006843318312,114.35894707483938,124.16089914005927,103.12932494408523,151.96249043511023,136.13379688340348,127.89103866156297,131.06580945856467,129.8593114266864,148.16813583066227,135.32244060656595,36.26814430158378,45.48795177330492,41.75072053100325,40.1717079488209,33.92747420113369,40.28453065682395,47.250118474685905,47.68217124281729,72.8141661029513,52.73301472267903,47.83464443886493,43.814391856707545,44.5876598115423,50.21471831555992,52.58494734266077,51.039154461040994,48.041150589592306,55.948173397640694,65.46754785035675,59.72903930353198
36,m5,lag-llama,mase,1.2823732019707823,1.2721172465318396,1.1725618151205353,1.2524042538754745,1.2184803047780166,0.9519073980209437,1.0951120451990881,1.1480630074980687,1.2996424601170842,1.2454821273614038,1.1659706444687448,3.317598634748274,1.1126033987698296,1.0980109282760235,0.9905245162251594,0.9144106183487025,1.165740478942517,1.7645805928110956,2.4291049915608727,1.3359988137498848,1.0698031191499289,1.7270872485030369,1.1833237146296416,1.0913448622652082,0.9838382173528896,1.0102448424175734,1.0597363138255445,1.2599094300786675,1.4211391217094713,1.0572540766478535,0.8245291917246458,1.0291574811031479,0.9888779527873528,0.9213555712462,0.8949017543568777,0.7620251394128683,0.9877816379823096,0.9864859031676244,0.8402182474113588,0.8197126309423091,1.3200424253380463,1.4208133780900152,1.4321609125277592,1.5775622705941983,1.6007502323994003,1.2854973906165799,1.474174291058581,1.309113026582321,1.6166441793184776,1.4320534232108275,1.3972595292885506,1.5255955642567915,1.4173014539713278,1.213435408191354,1.1128703438044105,1.1066130803319856,1.2632703519726796,1.347177636700962,1.6557698648714603,1.2651057454950208,1.1750316104586802,1.3457786118461341,1.0995513022119938,1.0160457546005375,1.2129954275265915,1.052072441542011,1.0592174680640454,1.1217413524904607,1.3199723945075006,1.1525468631867961
37,m5,lag-llama,tce,0.20828092243186588,0.18887578616352205,0.3013102725366877,0.37756813417190777,0.4173349056603774,0.3296121593291405,0.3972877358490567,0.22374213836477994,0.39106394129979033,0.33393605870020965,0.2785115303983229,0.20634171907756815,0.3835953878406708,0.3553590146750525,0.4254585953878407,0.383791928721174,0.39453616352201265,0.24529612159329148,0.13332023060796644,0.1165356394129979,0.1712395178197065,0.11403301886792451,0.3356394129979036,0.25453354297693925,0.4193003144654089,0.3911294549266248,0.38300576519916146,0.1454402515723271,0.1958333333333334,0.31821278825995813,0.36937893081761014,0.10245020964360586,0.36250000000000004,0.38169549266247377,0.33236373165618455,0.407835429769392,0.40587002096436064,0.09289832285115307,0.387395178197065,0.3417976939203355,0.11197589098532497,0.15668238993710693,0.19779874213836482,0.1706236897274633,0.11474056603773584,0.08455188679245283,0.1027384696016772,0.08334643605870018,0.14608228511530397,0.16400681341719078,0.14878144654088055,0.13520702306079663,0.37553721174004195,0.2524633123689728,0.3327568134171908,0.33058176100628933,0.36911687631027257,0.08400157232704404,0.3302017819706499,0.15397012578616356,0.26060010482180296,0.12472484276729556,0.37311320754716987,0.28440775681341723,0.34585953878406706,0.38398846960167715,0.3809093291404612,0.25230607966457025,0.3508385744234801,0.28440775681341723
38,m5,lag-llama,msis,5.610548350777504,5.317211571557214,3.8421562987665174,2.222345558286891,2.59968705723893,2.3654900595333825,1.846578697156587,4.062235874585531,2.819327660456524,3.641815033403242,3.701968660260517,14.213643000374647,2.2253353217293927,2.0263227270757107,1.832068328394435,1.6966095032587045,2.3256824824286078,6.510266793187097,13.89210145330932,8.629821990449516,4.695437042215219,11.098853967183866,2.2399594034893604,2.355363742607958,1.864669851136066,2.073882093111018,1.8190945038149715,5.784771867743941,6.0487266000797835,3.1975215266299815,1.4121239124685205,5.604705268150248,2.0202839444410015,1.6358381090257523,2.1797023642890085,1.3110913389209988,1.6775215433182191,4.913358061785874,1.6232373655343797,2.131426587631388,5.974223960699603,6.490062123561494,5.483113626097781,6.3002296692098465,8.156132861454672,7.050051857135052,6.00386065097435,6.779180602345022,6.680872034059925,5.84410317537459,6.2309875066057545,8.920148955735378,2.823671245712974,2.600418883748566,2.3144726314849557,2.5334341677442773,2.3981130244185436,7.193615389283875,4.875320675756942,6.323512930003408,4.365647583022115,8.883310706435047,2.035262702530491,2.0042584470630533,2.7281337245627078,2.186603080055959,1.8413904247555961,3.8678779947769537,3.558195243529932,3.897417020544693
39,m5,lag-llama,wql,88.10412717883656,83.5979207967187,72.27138484695492,61.115408439551445,76.84110442224633,67.19165104672788,60.05454733936739,75.52612644442894,71.89015548349174,80.38034604127247,74.37213817118793,113.62906617565167,60.47044246698197,57.02576168810714,66.96896565132474,62.240436019300475,63.39471398901955,78.35751093401765,123.82696239789777,100.4421807938685,72.392830061947,89.94205280239466,56.80020102289221,48.40344470880173,65.6295639208578,65.04950826464611,57.54874563965787,70.50886105566998,79.80768996057563,72.0986230841684,56.20024270504935,85.15838596001025,60.19017734805608,55.67750832534149,70.74997500290084,56.10153207374311,59.68324680024901,92.7988294909848,62.99028857602033,73.35840785486681,128.33487099849697,139.36814130541632,123.35423017139274,180.374688329308,148.27417723830962,135.2337917530037,143.40569587242612,139.03705369272188,166.7043419496884,164.25767194896997,76.41589917574815,106.20641547377842,61.09316791723936,47.42781750640168,55.55085077476569,60.49916806375951,54.8063627054922,84.67965360771807,82.09315791083752,76.33292771352768,76.33271794261194,96.87723762831197,58.849153817768126,51.18430867393383,69.55941831490418,64.37732063434125,57.8536125763574,75.47589786175902,76.54200093590377,75.40563951720156
40,m5,nbeats,mase,1.0952261487232111,0.9096153380003602,1.01713860217583,1.1716032915599703,1.18184364575514,0.9137572259151098,1.0421509109796583,0.9641167874741765,1.2189398234467737,1.0818685806981105,0.7035323151564078,1.9211498961812452,0.7654840560495577,0.808256161317518,0.6531022788070419,0.6184733141877068,0.8063263690041363,1.1118775255157478,1.2896741313122506,0.7832429775689678,0.591366640267499,1.0302774385320455,0.8446234391635751,0.8915211629827049,0.7091855072212615,0.6638627631251767,0.7658887289994021,0.7275898291905706,0.9006878714253039,0.6487953301127893,0.6989323494774224,0.6816061109845664,0.80104313930747,0.9358668039059326,0.7634591909122087,0.655717742320745,0.7713470823691598,0.6332063020490311,0.7403385010844812,0.6902199766432808,1.2173452612162305,1.1998160564631704,1.3431498615611182,1.3137235958575666,1.4480339148886197,1.2232717022348107,1.3847573730457459,1.1570843221711848,1.3749769847577358,1.1105596009847547,0.6377835943617763,0.6750192908658479,0.9260652232114698,0.9132309727826814,0.6473574590936829,0.710500428179731,0.9690032105374018,0.7310700683809764,1.2743787990792166,0.7728518186105757,0.7041772685722022,0.6483109348483956,0.797582232514399,0.9739911187228693,0.8926188875944696,0.7872426067441783,0.8439095951151474,0.7939082336343853,1.0779199572745453,0.8452158679321059
41,m5,nbeats,tce,0.48811489217497456,0.46370752846671737,0.46611492260432247,0.3308939514494512,0.439151382167603,0.3967362147779152,0.39318619752182987,0.41733726233162466,0.5040225850599155,0.41333930870699903,0.3848240067104441,0.46489191670110214,0.4300242022929563,0.295978226184425,0.3329039431150105,0.34116684192997465,0.3730577110499407,0.431666301344596,0.6134744814878299,0.48163684927606737,0.5625814336803331,0.5818875665868202,0.6242917099062373,0.4910598680625828,0.5794857362080447,0.5670719476155389,0.5500454285790055,0.5316979948711907,0.612553720659459,0.5783468273905642,0.42558053609222407,0.4123186452583403,0.4639067675555533,0.45872017827816247,0.3668448610457761,0.34946978952801105,0.33881477938703003,0.4442391815681241,0.3434249544378691,0.3879501776398155,0.27733482796230896,0.26984674920991764,0.30452894738666497,0.19000930358148035,0.30680315299329236,0.37743123127343897,0.36163283649971767,0.28719994792105435,0.29839031169491137,0.2673101913713077,0.3725686874866609,0.46987779644916544,0.5347749104396349,0.26468688410630686,0.3682458921059372,0.439312976658222,0.48761776075146557,0.4063831663533704,0.5542284118846665,0.4264854664892262,0.21959589284607803,0.2984892288969263,0.3046123886843762,0.1485578722478438,0.22475101671379885,0.23926528071027023,0.1639168316435464,0.2404131398461822,0.237097327765505,0.20361704260647318
42,m5,nbeats,msis,1.5768647905978763,1.3168903394107325,1.4737150754881387,2.0841212953230723,1.8425655941354324,1.492003423742626,1.7336380383504708,1.4964744307473827,1.7686369283927912,1.683055131215385,1.1530486668543034,2.605192842588408,1.1950740943415283,1.5273774065838375,1.1879798766267966,1.093044620477625,1.355145428562792,1.6548995841694722,1.5103968566494022,1.1266713333907572,0.734890735446965,1.1806684643102938,0.9716766215958529,1.2586066188876073,0.8809005883338851,0.8138978159629201,0.9691465264049766,0.939584518756132,1.0308953773362421,0.7859094213028607,1.0879859328459263,1.07823220217767,1.2133561341125676,1.44116593141844,1.3033226993766314,1.1607906101098153,1.3857549093938217,0.9605229392709537,1.34237920667705,1.1722467593678896,2.412239696216098,2.269392958822088,2.501270293437419,2.846315653139368,2.735216042199871,2.109917853943156,2.373520608281273,2.275535017614154,2.5415051934105706,2.243250786961042,1.057689044964094,0.9628707549729456,1.2254605200529418,1.8256161407396516,1.1262005069198295,1.0926530687350617,1.4232068864888971,1.1362302517512537,1.5588720408744843,1.1785925835523299,1.5275485532034943,1.2354611190577915,1.5225913986137436,2.3559023316787004,1.8962655598709794,1.676241871409804,1.9778112168003192,1.6876989970410916,2.237713501228526,1.8568538808620867
43,m5,nbeats,wql,77.31419327815918,63.50820361876302,65.50922458264021,59.6042855342303,76.65912699018055,66.54171399090443,60.21639618047713,66.1143655516221,72.0466894777389,71.48911080482867,45.775598569738406,70.5179874390706,44.05647331277549,43.69227845687449,45.43720235940377,43.49688544737719,45.90406828148115,51.49818688575327,75.21889787018688,60.25755372903134,43.4482534343869,58.32174804674184,46.62571104557033,44.331124290533246,52.47559524190831,47.7642053926184,46.76218058486936,44.68950219297879,56.547325933366096,48.667994060651225,51.13068702593187,58.095362496284736,52.138350824258225,60.69729153249311,62.483096049304805,50.88908146961488,48.25451163623045,61.98634539809845,56.6769539036753,62.58637551489428,118.68172432720948,119.159792873392,116.10188276662632,159.22765631266492,137.2373356389648,132.55799279826016,140.89111487680583,128.49617718555425,152.65479062824528,133.94045219798664,36.126353015140914,49.21399936713453,43.823750541895166,37.85977431127556,33.83482786201297,41.007749722484974,46.22731576089618,48.08077955662081,67.47344645024333,48.046449905167464,44.98850982888483,45.082485813959885,44.066352705381085,50.52869144352877,50.078227322181405,47.59094411268835,46.23926151359532,52.316820107673095,60.83954232964612,54.791223864408245
44,m5,autoarima,mase,1.0759212617405676,0.9800209353886529,0.9261840261176462,1.0748984306301193,1.050705461116201,0.8286617578827392,0.9630706051486594,0.8914150690574956,1.165852090212673,1.048475458897499,0.7701769647824173,2.079045472764619,0.8457993826550362,0.8487691605124977,0.7683321136683096,0.6890911709471976,1.0600336122096883,1.2355668644455609,2.0528408601351824,1.1658848490538787,0.5904134595184853,1.035396859823902,0.7949423197518295,0.8484820570885435,0.7487006477703202,0.6782175571436384,0.8257855120535411,0.7104823994100141,1.2929977447755037,0.7943265707030809,0.6728484609522232,0.7044461646958682,0.7648343418740763,0.872791166836408,0.7352738071442304,0.6251314701729928,0.8698262352607833,0.5924959518873458,0.759243202392784,0.6684083528194847,1.0416578665237448,1.1117673431296,1.148196033238877,1.1372157196172032,1.2905684070623438,1.0943404976832871,1.3554571631432897,1.0404218055737702,1.1846450454845507,1.0283195893960497,0.6218449487422888,0.6368930032261472,0.8879401797358194,0.8695704400730585,0.6135037426431185,0.6919039925501206,0.9332983910821726,0.7112013969037528,1.2827570206347347,0.779847442149749,0.6543764077901364,0.5888885743228264,0.7552260016908456,0.9127443147429087,0.8737098560830954,0.7561431144972522,0.8134817037938735,0.7886372657293417,1.0782697787776903,0.9294257307732076
45,m5,autoarima,tce,0.07452383180429568,0.08937805052598898,0.10057211045521947,0.08561257012255297,0.058689814092721816,0.1544234911208441,0.11386524429594112,0.10591290822627636,0.07721406529867515,0.09345272095473071,0.11682744457421852,0.2577858538347226,0.1333453809390297,0.08571671628810788,0.13342507969697512,0.14764777572541762,0.08761238899379163,0.07866345821243302,0.2014665708745372,0.11107037726892506,0.14240649574052758,0.18642810333539564,0.16249665647159048,0.11996816599021866,0.1351913458917315,0.15231248934506006,0.11552589791333452,0.08980179640519954,0.09151419295240044,0.1481105517421494,0.1370001577607544,0.0881347567334178,0.11644534115500349,0.07692133674837405,0.09265426407356571,0.1417021483147005,0.19241264647917977,0.1161285250433677,0.10554489802304025,0.1336134488446171,0.08395082449959386,0.09889946211814526,0.031013265314459065,0.06868309100664759,0.07549065614109716,0.06543372076718151,0.11415442255852055,0.05903921595963615,0.0794143283720059,0.07919719122713599,0.07865981652238933,0.0869722601739397,0.05971290042110691,0.047874789345622205,0.15017001789670317,0.14446847548544997,0.08053752308101274,0.057717261044307154,0.10404190798778797,0.11812663020506198,0.07288160328511879,0.07885102738001387,0.06257319119917687,0.08516367634055733,0.08789980796958223,0.08428855207070929,0.0477543777428091,0.1036019480266371,0.06065626964232248,0.13035880013529996
46,m5,autoarima,msis,4.139167251816072,4.475389136980049,3.9490688968500387,4.236373963153446,4.092376238433689,4.4408578200435995,4.391948761165615,3.8248663532565983,4.65446690575042,4.343678482227967,3.4772923065523833,4.2690938773573555,4.204785792140601,3.3302049611454407,3.717503249810912,3.5577663636994146,4.061381920247073,4.165200756736399,6.1808860286222105,5.197419560001016,2.82376108932212,2.868740905953633,4.318872013842367,3.627536872085426,3.270176734194171,3.380567502262415,3.5856528362075375,3.1093878848700065,4.992445850780453,4.114029202861485,3.2370429640038165,2.897932931772068,3.3610073230540425,3.3052063527606217,2.9265949518155567,2.9850545153866115,8.399528187372386,2.544186469753218,3.309473491401617,3.0754492749659015,4.004022680935904,3.9916275710014246,4.0314279869084775,3.8821952767157892,4.065176679571271,4.12589886372422,6.375310472560158,3.9873634363028154,4.321209177954236,3.7919406015129793,2.4722839148080853,2.2992699994408388,3.2576597366465445,3.1089861794574785,3.038142427562679,3.373526161901321,3.69481266102377,2.7050974567324158,4.586477797532372,3.554196330201269,2.592685169777965,2.2482837831627784,2.846624259133359,3.5059253816561964,3.4207438567107737,3.010540471431267,3.0034852023630005,3.2507229709366268,3.8340436293030424,4.637688787663296
47,m5,autoarima,wql,73.86480054201397,72.818111280951,61.83442513911992,56.21794668676601,69.26763208317172,71.69207092648067,60.86211131851198,64.85954930529743,68.52031515785568,71.53967494453605,53.83230721411323,72.71534043689265,53.48269421110925,47.07901590257547,59.196782521092466,56.372442056624394,59.7511492675778,54.620555681260704,105.8185419205322,92.05565193383714,44.757526799987176,52.75548887747496,48.036342975518366,42.42947842001192,53.7448421870526,51.28553315775264,49.86980353449178,44.95919262276824,72.29143301672252,63.24166676470254,53.94802618992027,61.55735733548353,51.4885356894583,55.56953865484087,61.653525105162544,53.37379580349075,101.65065753903819,59.94939008790739,62.36980109172065,65.47279671824208,106.26995770882087,118.12029371333195,100.58071060228033,141.89745719655448,121.3204346354947,120.16548899596413,151.82303109440568,120.44774607800501,136.32003202338691,127.62235531418861,36.2582565163501,45.730167950024764,39.610844582052444,36.88103646971712,36.387322504461494,43.707217047759926,44.1828252883936,46.78349970748806,65.8477937578889,52.276622724513906,44.78957527032634,43.0090147139327,42.359463485838454,50.21994244297259,52.22134920284387,48.61029105049067,46.519323318766865,55.65785374243298,61.885046795530016,70.24092269010902
48,glucose,timesfm,mase,4.654876239394626,5.033411071369,5.969699757609116,6.270176408379132,4.974834782788191,8.597831151567439,6.1537014324749855,3.9178544862274114,8.280389518246636,5.98540902771009,8.75003088002744,5.759049854437948,6.737363773657543,6.200326700250802,5.9989540155763255,3.7619652463798845,,,,,,,,,,,,,,,,,,,,,,,,,,,,,,,,,,,,,,,,,,,,,,,,,,,,,,
49,glucose,timesfm,tce,0.06999591503267971,0.030703635620915038,0.024913194444444453,0.026470588235294117,0.02382557189542486,0.04435763888888889,0.03684640522875818,0.04096711601307187,0.05862949346405231,0.03301674836601304,0.04728349673202615,0.06367953431372546,0.0471047794117647,0.030581086601307223,0.05448835784313725,0.05003063725490192,,,,,,,,,,,,,,,,,,,,,,,,,,,,,,,,,,,,,,,,,,,,,,,,,,,,,,
50,glucose,timesfm,msis,19.428461733294036,18.240207691193483,22.36591202834402,22.867711497054067,16.754698060942783,27.443261071461116,23.81981944405147,15.937212201677962,27.15848828879751,23.972111474195206,26.57149283050402,24.172004144478585,25.763455559267705,22.586224398995835,20.71212689330909,15.796156064980641,,,,,,,,,,,,,,,,,,,,,,,,,,,,,,,,,,,,,,,,,,,,,,,,,,,,,,
51,glucose,timesfm,wql,32.10290118751804,40.274374397644095,46.615985161080786,44.97838155364377,29.79490428116978,60.06825508613579,43.044249196500985,32.18869235372041,56.10018922342573,57.1288035316322,59.21267676072485,34.347553333687124,44.385016256388134,46.476569899138205,36.33760333093498,42.72172491909836,,,,,,,,,,,,,,,,,,,,,,,,,,,,,,,,,,,,,,,,,,,,,,,,,,,,,,
52,glucose,moirai,mase,5.405022106755292,5.957742222437255,6.957823674786405,7.432093920913825,5.095382954246767,10.075280152532565,7.023233169031266,4.826776130262026,10.059539106548364,7.6070078196742665,9.343559010971026,6.74504342724476,7.837931983003428,6.941990148976002,6.861768975614301,4.578710479872111,,,,,,,,,,,,,,,,,,,,,,,,,,,,,,,,,,,,,,,,,,,,,,,,,,,,,,
53,glucose,moirai,tce,0.037745098039215684,0.06475183823529414,0.05436580882352945,0.05584150326797389,0.03924632352941177,0.07308517156862747,0.0629340277777778,0.042989174836601314,0.08286866830065365,0.04463337418300654,0.0735089869281046,0.0464562908496732,0.059216707516339895,0.049703839869281084,0.04949959150326797,0.05618872549019607,,,,,,,,,,,,,,,,,,,,,,,,,,,,,,,,,,,,,,,,,,,,,,,,,,,,,,
54,glucose,moirai,msis,20.264486007298153,21.179321216221624,24.902473440304245,25.83960383861113,18.921334654130995,32.29737345418946,24.551105254954003,18.91375355192043,32.37946353038517,29.2811965071514,28.872830932428425,24.851042270697345,27.280188163127473,24.669413137314216,23.417412693642436,18.430988747020375,,,,,,,,,,,,,,,,,,,,,,,,,,,,,,,,,,,,,,,,,,,,,,,,,,,,,,
55,glucose,moirai,wql,36.52125263228047,47.45825539391653,54.40122727055492,52.5312822993329,31.31766892002733,69.4027076880907,48.922977007380794,39.70031548067379,67.50731068036093,71.80285313250523,63.32761753080162,39.67439114459512,51.64795442801878,52.036209001359786,41.25037396744054,50.94533623403896,,,,,,,,,,,,,,,,,,,,,,,,,,,,,,,,,,,,,,,,,,,,,,,,,,,,,,
56,glucose,chronos,mase,5.082572251878197,5.833768380838956,6.683476813102937,7.049974639067795,5.0594949961823685,10.066889303226338,6.934211253594195,4.543555357521302,9.390952301580858,7.126818420880689,9.196437372654724,6.150125372998704,7.899894856361059,6.872315534320617,6.568876720694946,4.179555189323953,,,,,,,,,,,,,,,,,,,,,,,,,,,,,,,,,,,,,,,,,,,,,,,,,,,,,,
57,glucose,chronos,tce,0.527609272875817,0.5128012663398693,0.5219924428104575,0.5382301879084967,0.5290900735294118,0.5842881944444445,0.5498978758169936,0.5172691993464053,0.551046772875817,0.543310866013072,0.5749948937908497,0.5145884395424837,0.5335069444444445,0.5417279411764707,0.5258986928104575,0.5258986928104575,,,,,,,,,,,,,,,,,,,,,,,,,,,,,,,,,,,,,,,,,,,,,,,,,,,,,,
58,glucose,chronos,msis,8.416702909327935,9.146214852192575,10.361392214846202,10.712496813461303,7.463242561987141,15.463957251013499,11.016702306156974,7.427149273954947,14.452314913464473,11.675674062993128,13.304098762343289,10.382995327538037,13.24705308250351,11.294811596474744,10.194686272866669,6.814864203265118,,,,,,,,,,,,,,,,,,,,,,,,,,,,,,,,,,,,,,,,,,,,,,,,,,,,,,
59,glucose,chronos,wql,38.23863850701137,51.61088968307797,56.414105797479515,54.69578904908533,34.91543693181633,73.27794302049794,50.85765845478069,41.61497981142148,68.43796772433566,72.19295349024505,67.11463320486833,40.931789538763574,55.21143286921622,55.977002110968776,44.16221319534607,51.47948827455217,,,,,,,,,,,,,,,,,,,,,,,,,,,,,,,,,,,,,,,,,,,,,,,,,,,,,,
60,glucose,lag-llama,mase,6.7718430312866325,6.032667538177231,9.05062319014804,7.135135039599812,5.985557929879324,16.487955252533464,7.681593293187759,4.831020633631686,14.008324636067137,10.678172987765246,14.182017450933737,8.288927244874888,9.631689878297209,8.672837554909012,8.821485032225826,4.203883409655223,,,,,,,,,,,,,,,,,,,,,,,,,,,,,,,,,,,,,,,,,,,,,,,,,,,,,,
61,glucose,lag-llama,tce,0.09539930555555555,0.1320823120915033,0.06112132352941176,0.12791053921568626,0.12913092320261435,0.1576695261437909,0.08230698529411766,0.0674325980392157,0.13040236928104576,0.09776858660130722,0.16717218137254908,0.07250306372549019,0.1031198937908497,0.11607945261437913,0.15543811274509803,0.11523182189542484,,,,,,,,,,,,,,,,,,,,,,,,,,,,,,,,,,,,,,,,,,,,,,,,,,,,,,
62,glucose,lag-llama,msis,30.014793692632193,21.779313905697585,41.615703232757006,26.535129172946473,28.053003142106757,52.698980458179996,30.454702995276335,22.677949313441854,54.3724201619421,39.586797272245846,49.04988098867383,37.13316928804527,34.914839485810376,31.075866237109064,34.14323460380457,13.927901826522827,,,,,,,,,,,,,,,,,,,,,,,,,,,,,,,,,,,,,,,,,,,,,,,,,,,,,,
63,glucose,lag-llama,wql,47.55966487752351,50.26745525852183,71.14246787972628,53.967462500556195,38.85375377277161,112.2006477049517,53.217186924350955,43.45904779842137,97.62420783961477,100.29715994330222,99.04891712383893,52.1021356997636,65.43675175881387,66.07734545169716,55.213834391029394,48.828528681778394,,,,,,,,,,,,,,,,,,,,,,,,,,,,,,,,,,,,,,,,,,,,,,,,,,,,,,
64,glucose,nbeats,mase,4.900827306260405,5.068053792916203,5.737594869241248,6.427637041959634,4.775472159089906,8.627731503582867,6.192849968000725,4.691221322867504,7.998249946792541,5.775594656292157,8.520343916817378,6.382693474294274,6.890265998937566,6.446386765738073,6.223848661586417,3.862226770165409,,,,,,,,,,,,,,,,,,,,,,,,,,,,,,,,,,,,,,,,,,,,,,,,,,,,,,
65,glucose,nbeats,tce,0.07557679277076362,0.1271615702638493,0.10253476670020178,0.13912822844477998,0.09082955387315504,0.18755224536170134,0.06375636711503063,0.08314737381819884,0.2025998264105561,0.1471181963551046,0.19649803161446408,0.06030107677149046,0.14755272227021457,0.1570102681203444,0.07047129621190414,0.06971199259279039,,,,,,,,,,,,,,,,,,,,,,,,,,,,,,,,,,,,,,,,,,,,,,,,,,,,,,
66,glucose,nbeats,msis,17.046584288787585,13.764117201154654,16.030383280142434,16.81099498979966,18.46381778921431,18.089380858344352,19.201940558206573,14.048444811732926,17.560079583261736,13.840738066994145,18.325965789281398,18.693628904619814,17.238164550453295,16.03506198258727,18.74478516636141,11.15794281499382,,,,,,,,,,,,,,,,,,,,,,,,,,,,,,,,,,,,,,,,,,,,,,,,,,,,,,
67,glucose,nbeats,wql,35.39280147309955,42.05756595857477,47.0581036873064,48.01377025362333,32.006745263809925,62.26494708502003,44.57011389019665,39.55838332768116,56.523310822610306,58.44620057755791,60.41031557257384,39.799916285518975,47.650081165474035,49.45248351598693,39.26084145444109,45.145131070088,,,,,,,,,,,,,,,,,,,,,,,,,,,,,,,,,,,,,,,,,,,,,,,,,,,,,,
68,glucose,autoarima,mase,5.1974317611622105,4.598743200836127,5.264674780999059,6.169780443085849,5.147573988568962,7.805908188541909,6.583014937479958,4.56426096126603,7.261908873283217,5.657851648104694,7.719684951469336,5.534543716609134,5.9502278276014815,5.41795761317115,5.480960074606418,3.6397015622904285,,,,,,,,,,,,,,,,,,,,,,,,,,,,,,,,,,,,,,,,,,,,,,,,,,,,,,
69,glucose,autoarima,tce,0.11695753797984194,0.09772520019374442,0.12584133463469072,0.07428032898175922,0.17534560305595828,0.1158644976777322,0.11770271281181756,0.11184066859842395,0.058401828535313303,0.1127405672701222,0.0981000814246596,0.10270613324519057,0.11209317736076331,0.09832960635219849,0.11718665511835412,0.10247618887186732,,,,,,,,,,,,,,,,,,,,,,,,,,,,,,,,,,,,,,,,,,,,,,,,,,,,,,
70,glucose,autoarima,msis,22.322866114809518,21.04453561374057,26.10819775140246,23.330886256260296,25.69707821711738,31.038933903488626,27.386684604347938,20.83133543226626,27.821711757073196,26.697560313707545,30.780869323736304,27.963928629027407,27.60647162011342,23.50558704413985,23.66486210469368,16.66577949212107,,,,,,,,,,,,,,,,,,,,,,,,,,,,,,,,,,,,,,,,,,,,,,,,,,,,,,
71,glucose,autoarima,wql,40.17791373199108,42.38630717413349,48.50252120913981,46.738843401020304,37.11297150347549,58.69262926365752,48.02580043972969,43.12572982568183,52.47731507305554,62.919696619719225,57.37293256019288,41.77511237720101,46.665554145530024,46.21270264491619,37.46449691533293,46.88101285797063,,,,,,,,,,,,,,,,,,,,,,,,,,,,,,,,,,,,,,,,,,,,,,,,,,,,,,
72,meditation,timesfm,mase,1.5876959965991335,1.0572062564056668,1.7396580382109577,1.02003771597718,0.6417251600357284,0.8165370242457888,,,,,,,,,,,,,,,,,,,,,,,,,,,,,,,,,,,,,,,,,,,,,,,,,,,,,,,,,,,,,,,,
73,meditation,timesfm,tce,0.040753652058432926,0.07528220451527222,0.06601925630810092,0.04241367861885794,0.0945053120849933,0.03180610889774238,,,,,,,,,,,,,,,,,,,,,,,,,,,,,,,,,,,,,,,,,,,,,,,,,,,,,,,,,,,,,,,,
74,meditation,timesfm,msis,5.140771134405664,3.8418347373766992,6.276504957367486,3.1667926996668267,2.5098480409444557,2.607926064747229,,,,,,,,,,,,,,,,,,,,,,,,,,,,,,,,,,,,,,,,,,,,,,,,,,,,,,,,,,,,,,,,
75,meditation,timesfm,wql,17.002982375194975,15.753818556889527,10.648086463099279,15.2208683419141,9.385269224944935,14.158953259894675,,,,,,,,,,,,,,,,,,,,,,,,,,,,,,,,,,,,,,,,,,,,,,,,,,,,,,,,,,,,,,,,
76,meditation,moirai,mase,1.67374461435058,1.090170129520637,1.7839162031552571,1.0904917803745917,0.6692877355565235,0.846201167145389,,,,,,,,,,,,,,,,,,,,,,,,,,,,,,,,,,,,,,,,,,,,,,,,,,,,,,,,,,,,,,,,
77,meditation,moirai,tce,0.04614873837981406,0.08162350597609556,0.05390106241699864,0.06572045152722444,0.07662682602921643,0.0595617529880478,,,,,,,,,,,,,,,,,,,,,,,,,,,,,,,,,,,,,,,,,,,,,,,,,,,,,,,,,,,,,,,,
78,meditation,moirai,msis,6.20550477520558,4.325337633274734,7.125095492492603,3.426333268055907,2.784752348898047,3.088614081112807,,,,,,,,,,,,,,,,,,,,,,,,,,,,,,,,,,,,,,,,,,,,,,,,,,,,,,,,,,,,,,,,
79,meditation,moirai,wql,18.23533828578445,16.32820502221223,11.05535324536167,16.14388526592744,9.850348511339643,14.68865361830063,,,,,,,,,,,,,,,,,,,,,,,,,,,,,,,,,,,,,,,,,,,,,,,,,,,,,,,,,,,,,,,,
80,meditation,chronos,mase,1.6924675306426509,1.0708159579304108,1.9617091395021709,1.029891841972655,0.7002217300184412,0.8650361266244811,,,,,,,,,,,,,,,,,,,,,,,,,,,,,,,,,,,,,,,,,,,,,,,,,,,,,,,,,,,,,,,,
81,meditation,chronos,tce,0.5707503320053121,0.5160524568393096,0.6205843293492695,0.5465139442231076,0.5304946879150066,0.5648572377158034,,,,,,,,,,,,,,,,,,,,,,,,,,,,,,,,,,,,,,,,,,,,,,,,,,,,,,,,,,,,,,,,
82,meditation,chronos,msis,2.6433764598558858,1.5134449442173328,3.2862750353217285,1.4758156062102004,1.2337953574969214,1.2757619489838665,,,,,,,,,,,,,,,,,,,,,,,,,,,,,,,,,,,,,,,,,,,,,,,,,,,,,,,,,,,,,,,,
83,meditation,chronos,wql,20.12953576325308,18.31807706969468,12.781623900103547,17.15212637341378,11.05454237870802,16.80578908880022,,,,,,,,,,,,,,,,,,,,,,,,,,,,,,,,,,,,,,,,,,,,,,,,,,,,,,,,,,,,,,,,
84,meditation,lag-llama,mase,1.7718039661449185,1.3174670431646018,2.3634939588894666,1.231152248506726,0.9336365767366669,1.007334696490001,,,,,,,,,,,,,,,,,,,,,,,,,,,,,,,,,,,,,,,,,,,,,,,,,,,,,,,,,,,,,,,,
85,meditation,lag-llama,tce,0.19991699867197874,0.198339973439575,0.19999999999999996,0.19999999999999996,0.19999999999999996,0.19991699867197874,,,,,,,,,,,,,,,,,,,,,,,,,,,,,,,,,,,,,,,,,,,,,,,,,,,,,,,,,,,,,,,,
86,meditation,lag-llama,msis,21.49793012369996,14.449913925148284,36.480169777252556,16.411274735101117,16.971253718675417,13.621548267558566,,,,,,,,,,,,,,,,,,,,,,,,,,,,,,,,,,,,,,,,,,,,,,,,,,,,,,,,,,,,,,,,
87,meditation,lag-llama,wql,32.42540044657017,30.722282738444953,28.98659348087898,32.859344620409544,31.38536109879245,32.60559806241854,,,,,,,,,,,,,,,,,,,,,,,,,,,,,,,,,,,,,,,,,,,,,,,,,,,,,,,,,,,,,,,,
88,meditation,nbeats,mase,1.8922014754359175,1.1228138519219057,1.8670669582684785,1.0492564282854742,0.7460344850256213,0.8604206464018324,,,,,,,,,,,,,,,,,,,,,,,,,,,,,,,,,,,,,,,,,,,,,,,,,,,,,,,,,,,,,,,,
89,meditation,nbeats,tce,0.1820042841908429,0.19282382248579485,0.19992226368159197,0.19769390048477464,0.1993095836865478,0.19968719485407968,,,,,,,,,,,,,,,,,,,,,,,,,,,,,,,,,,,,,,,,,,,,,,,,,,,,,,,,,,,,,,,,
90,meditation,nbeats,msis,11.856960631829699,8.961710991662608,21.07503502568361,9.134367603781069,9.604689735481301,7.442018992519075,,,,,,,,,,,,,,,,,,,,,,,,,,,,,,,,,,,,,,,,,,,,,,,,,,,,,,,,,,,,,,,,
91,meditation,nbeats,wql,30.911978689592903,30.415148790777373,27.425751797803898,30.416978024271984,29.43868157052311,29.386870216228758,,,,,,,,,,,,,,,,,,,,,,,,,,,,,,,,,,,,,,,,,,,,,,,,,,,,,,,,,,,,,,,,
92,meditation,autoarima,mase,1.7822429974165819,1.1599088085813252,1.7791406503540284,1.0918144169917117,0.7684916378007736,0.8246858139757474,,,,,,,,,,,,,,,,,,,,,,,,,,,,,,,,,,,,,,,,,,,,,,,,,,,,,,,,,,,,,,,,
93,meditation,autoarima,tce,0.1295141542989391,0.17922402754564745,0.1668012126747941,0.16722068983419483,0.18793509625956784,0.16984632714202774,,,,,,,,,,,,,,,,,,,,,,,,,,,,,,,,,,,,,,,,,,,,,,,,,,,,,,,,,,,,,,,,
94,meditation,autoarima,msis,8.341626754625722,8.89266381300472,13.538589435955796,6.118561893262293,7.9077192248686465,4.170890090192367,,,,,,,,,,,,,,,,,,,,,,,,,,,,,,,,,,,,,,,,,,,,,,,,,,,,,,,,,,,,,,,,
95,meditation,autoarima,wql,24.439277179141293,30.40016343660006,18.919249824877603,22.27676378451555,24.704390411886905,18.64740029896679,,,,,,,,,,,,,,,,,,,,,,,,,,,,,,,,,,,,,,,,,,,,,,,,,,,,,,,,,,,,,,,,
