,dataset,model,metric,avg_result,1,2,3,4,5,6,7,8,9,10,11,12,13,14,15,16,17,18,19,20,21,22,23,24,25,26,27,28,29,30,31,32,33,34,35,36,37,38,39,40,41,42,43,44,45,46,47,48
0,amazon-google,timesfm,mase,0.6267103823107123,0.4306662684229529,0.5005704264138441,0.5333894352145578,0.5494974858442441,0.5581089573810993,0.5644191197736875,0.5845845467120829,0.5832090426097779,0.5900363286122152,0.6001434150254569,0.6039476450246198,0.6052956437013554,0.6087644155719133,0.6120567405119124,0.6120797965059034,0.609390215851633,0.6134398294332435,0.6164089806497882,0.613401525126332,0.6142146676522692,0.6196227582319568,0.6233671494709221,0.6235202583190056,0.624111909432935,0.6388597369500103,0.6516477198922848,0.6556963932043564,0.658467726364568,0.6533587395186984,0.6566498680878035,0.6720957360424097,0.6652395228534871,0.6637834679015152,0.6736854271381106,0.6688275748160432,0.6758425126457019,0.6695853725868923,0.6679893979171466,0.6706603021931365,0.6640175038307892,0.6699276081906022,0.6694653562206602,0.672304633877885,0.6731987297490455,0.6731134268321385,0.6777702840249737,0.6740931806579011,0.6715715679243255
1,amazon-google,timesfm,tce,0.02816679526748971,0.027854938271604887,0.02916666666666666,0.017129629629629634,0.013425925925925883,0.014660493827160503,0.009027777777777773,0.01905864197530864,0.026234567901234573,0.033950617283950615,0.0300925925925926,0.01820987654320988,0.02631172839506174,0.03024691358024692,0.0142746913580247,0.02901234567901234,0.015354938271604945,0.018672839506172836,0.03742283950617284,0.01983024691358025,0.016820987654320996,0.02669753086419753,0.018904320987654308,0.02523148148148148,0.028703703703703703,0.02314814814814814,0.03402777777777778,0.030169753086419754,0.02376543209876543,0.0326388888888889,0.027932098765432095,0.04575617283950617,0.04475308641975309,0.0382716049382716,0.04066358024691358,0.0327932098765432,0.03626543209876544,0.04683641975308642,0.039969135802469136,0.0400462962962963,0.030709876543209877,0.0212962962962963,0.040586419753086425,0.025308641975308646,0.032330246913580246,0.029475308641975312,0.03155864197530864,0.027160493827160487,0.030246913580246906
2,amazon-google,timesfm,wql,39.109267016592995,0.5691825174459515,0.6628201589700554,0.7025289277215392,0.7216023897612807,0.7311866874666182,0.7396260933014228,0.7659187242015205,0.7658502548796383,0.7757920202766708,0.7903348030058143,0.7922896403039954,0.7919691599832834,0.7971374055207914,0.8018587033914752,0.8042828876728624,0.7984050621847527,0.7995565344653646,0.8004694401855029,0.8015949793005672,0.8008732938618459,0.8050077098005912,0.8099942910251174,0.8114063320834902,0.8166366767847202,0.8343485918757418,0.8479617894352656,0.8513413979447334,0.8585097685480648,0.851553066477939,0.855371730350301,0.8712975410126492,0.8609400828228396,0.8562527483584096,0.8694426115190526,0.8617199832083438,0.86570600862925,0.8577072675345964,0.8588170701776349,0.8636260786721597,0.8573711415943412,0.8625369304725279,0.8612117680034004,0.8654274495462178,0.8685558108487282,0.8684710339811661,0.8732110558839492,0.8669971553921964,0.8645642407086176
3,amazon-google,timesfm,msis,1.9698064437374196,1.5990954100220744,1.690477865745183,1.7798633967020066,1.828554291053854,1.834969446742494,1.8638649637049371,1.8976305244947407,1.895649522801195,1.8765896195600253,1.8855423806718539,1.8856131668628606,1.9018652948434254,1.9208015947310646,1.9247370975991551,1.938125843827027,1.9694507493346063,1.9742295128691996,1.940156238640087,1.9490240265358758,1.9441934869511712,1.9781176641421936,1.9613110638084565,1.9771410885403307,1.965690655422089,1.988127667315505,2.0099136772498665,2.0128892540241443,2.04183722234458,2.0674567196126317,2.0603570440252112,2.041655801514004,2.040505212844936,2.0389177656828275,2.0232446388239476,2.057360859697639,2.0875127976691252,2.090953919467786,2.082526300809784,2.0813584325601378,2.084031654351899,2.0495559898557967,2.0415112043770764,2.03088281473841,2.028464401548346,2.0407195735300836,2.0475987597407572,2.0540184195613524,2.0666142624443697
4,amazon-google,moirai,mase,0.7845971461626742,0.5631274201997989,0.6599716782265228,0.7118021392128515,0.7258864993098121,0.7323505208523285,0.7248677237879059,0.7428217368576783,0.7660345755384037,0.7588573503725032,0.7493523487736823,0.7568003299635174,0.7553307661758681,0.7628994946693972,0.7575496340625211,0.7959315463900344,0.833410192492315,0.8255096024027974,0.7950738093081117,0.7967551843090521,0.8310959992335883,0.8049505187958499,0.7724327715941085,0.7662026222576731,0.7650562039057385,0.8196583542157128,0.842089146720438,0.8488096938563763,0.8501490927664918,0.8009133443666536,0.7867609955824163,0.801876513491531,0.8265693909335832,0.8328256426891314,0.7813076105910776,0.7869294059099894,0.8163062101061952,0.8119786117464117,0.7815745129222017,0.7885070438374916,0.8159756484692612,0.8040934730138285,0.8115299221609915,0.8250723616264029,0.8173445951876179,0.8031745427193562,0.8080225826019961,0.8121449285820708,0.8329787230190786
5,amazon-google,moirai,tce,0.03561439043209875,0.021604938271604993,0.027854938271604943,0.026234567901234573,0.022067901234567894,0.013348765432098758,0.015817901234567902,0.02345679012345679,0.005941358024691354,0.010570987654320949,0.019753086419753083,0.015740740740740694,0.02962962962962959,0.020679012345679024,0.04205246913580246,0.047145061728395055,0.05185185185185186,0.050540123456790126,0.02800925925925922,0.024151234567901192,0.02361111111111107,0.015895061728395055,0.03510802469135803,0.03842592592592593,0.04621913580246914,0.03942901234567901,0.022993827160493835,0.0283179012345679,0.025308641975308646,0.03225308641975304,0.03410493827160489,0.029783950617283908,0.030787037037036988,0.05046296296296296,0.06466049382716049,0.06188271604938272,0.058950617283950624,0.06388888888888888,0.0441358024691358,0.03047839506172839,0.04058641975308641,0.04328703703703704,0.04043209876543205,0.04351851851851847,0.05756172839506168,0.04799382716049378,0.04699074074074075,0.054320987654320994,0.06165123456790124
6,amazon-google,moirai,wql,49.85674011445218,0.7598574426376202,0.8856394367593869,0.9462122629074916,0.9697400545614653,0.9885341612914098,0.9652878555723917,0.9887759080647144,1.01709010898002,1.0145293919459804,0.9907259297412022,0.9892948556768073,0.9961257114464986,1.0179414929936557,1.0150540924292422,1.0684516955348113,1.1158396921928133,1.1045208916400062,1.0698083216124352,1.063647471656179,1.0939010993323017,1.0703138771030367,1.0245818518021872,1.015597175348252,1.0222193346824993,1.094619367529853,1.1155049185979837,1.117129531850071,1.1093987612017895,1.0555654249706026,1.0381268542223254,1.0565597965177547,1.0923035340853924,1.1008080106374338,1.0315005957942223,1.029647462178132,1.0651455702371888,1.067728127513199,1.026795218254712,1.0345237180655305,1.0685430950400205,1.0592559429020496,1.0627038007815475,1.0720072622467143,1.0695532827815002,1.0610340843119013,1.0506207261323086,1.0723533496582933,1.1116215630292527
7,amazon-google,moirai,msis,2.6600912031934936,1.9163980410453851,2.1607805059949547,2.336410070134018,2.4335996513041707,2.393384077620234,2.2563625566953727,2.26592366650246,2.391452692863768,2.4934926910325994,2.536088646250668,2.5707915523895983,2.663697148366304,2.6161677278531306,2.5341636890480173,2.5949812729488624,2.696304686659771,2.84539755579776,2.926453887161427,2.9401082169713484,2.913348620594941,2.7763763182568595,2.576216609882811,2.552317002804293,2.5842514731550668,2.7252548215723076,2.803413907978544,2.7319769506175544,2.739963095598376,2.696791114053797,2.7302952767919844,2.7677743309201803,2.928634384732067,2.8438950388970206,2.797977236178631,2.7852408381770757,2.7179894319487614,2.6116468538408935,2.5110708956848,2.530298147932338,2.6290918497772293,2.7431098970203367,2.8434538473006867,2.903532139169106,3.011243754088605,2.94389324517969,2.8214829622230004,2.900904692322032,2.990974679948851
8,amazon-google,chronos,mase,0.6253263792391058,0.4314825619251676,0.49383205734841046,0.529783093707562,0.5593351076840862,0.574398611211032,0.5865586725766899,0.5985493810367106,0.6079589543372798,0.6160725135129279,0.6201287833364748,0.6204486850874169,0.6241976822153316,0.6228656754563497,0.6252912623460893,0.6261693870837491,0.6258068699653617,0.6223398523695132,0.6175289094816566,0.6204159498008293,0.6213187172664527,0.6149587366349374,0.6103541885758462,0.6103473294557688,0.6101710134410547,0.6184707459042801,0.6274917515330488,0.6325749749147094,0.6399155261142782,0.636356795612503,0.6436800442134228,0.6475804094718178,0.6530908199073372,0.6487017050542446,0.6522022583097712,0.6551865301290976,0.6599288584884402,0.6587027849349991,0.6602559213647441,0.6607746644795285,0.6667549020764213,0.668340171169528,0.6707465028095163,0.6702708218080956,0.6671920784686383,0.6677904790823159,0.6693069545807913,0.6740365164362824,0.6759999907565651
9,amazon-google,chronos,tce,0.5715358153292182,0.5631172839506173,0.5573302469135804,0.5687500000000001,0.5661265432098765,0.5703703703703704,0.5712962962962964,0.5663580246913581,0.5626543209876543,0.570138888888889,0.5679012345679013,0.5699074074074074,0.5722993827160494,0.5673611111111112,0.5687500000000001,0.5695216049382716,0.5679783950617284,0.5698302469135803,0.5741512345679012,0.5734567901234568,0.5702160493827161,0.5694444444444445,0.5706018518518519,0.5699845679012346,0.5763117283950618,0.5690586419753088,0.5739197530864198,0.5736111111111111,0.5745370370370371,0.5751543209876544,0.5741512345679013,0.5725308641975309,0.5734567901234568,0.5719907407407407,0.5736882716049383,0.5748456790123457,0.5718364197530865,0.5757716049382717,0.5746141975308643,0.573996913580247,0.5724537037037037,0.5745370370370371,0.57445987654321,0.5748456790123457,0.5766975308641975,0.5727623456790124,0.5792438271604938,0.5708333333333333,0.5808641975308642
10,amazon-google,chronos,wql,44.968428037477025,0.635894811386541,0.7312960921961995,0.7867686429863484,0.829579581965765,0.853279975371864,0.8706158071094996,0.8897813654976283,0.9065941277033589,0.9150661778926183,0.9240143241951174,0.9237779712808987,0.926671294909258,0.9284699625664785,0.9317651285548949,0.9320319742455891,0.9317931472701455,0.9280910879415735,0.923713953002412,0.9278495298167766,0.9265693830901305,0.9181150850967043,0.9120111149114363,0.912191243740479,0.9120820325959744,0.9279908517308182,0.939903747824204,0.9464686036553023,0.9591398820492706,0.958803914005433,0.966120353709056,0.9747156860053088,0.9810114124228597,0.9792162064329535,0.9823995162158633,0.9870184394356386,0.9916908909698472,0.992802890918645,0.9973996112980125,0.9977449658791265,1.003463094006211,1.007679282163182,1.0132700290749646,1.0127214193948897,1.0114349406948706,1.0097795592698395,1.0121166566413418,1.0183521766392822,1.019160091712415
11,amazon-google,chronos,msis,0.7615755094232096,0.5636192682278605,0.6352353349652086,0.6761424933001192,0.7122683964716714,0.7337662139276451,0.7445222824555898,0.7508637203765451,0.7548483711637176,0.7652021115170027,0.7673773252498262,0.769650393738498,0.7728170192291449,0.7738559309808598,0.7775482742875758,0.7749228445644678,0.776420553722682,0.7742856406749562,0.7658646172369321,0.7677887377455407,0.7634245173096298,0.7570249925116236,0.7549743933768938,0.7520785334144359,0.7491900650507335,0.7589131245556657,0.7654936753660139,0.7702164371136062,0.7770458605611111,0.7778145486964939,0.7827637491453192,0.778812195141694,0.7856955086672842,0.7800021469082616,0.779225091851818,0.780128909604005,0.7809710614102509,0.7796393247468856,0.7801385403775635,0.7803179841128297,0.7838181053808638,0.783311077066854,0.7869000014824039,0.7863881459090939,0.7851366089355729,0.784441058056964,0.781742136458074,0.7875032045184979,0.7855139247477767
12,amazon-google,lag-llama,mase,2.759540428964343,0.7975928830490772,1.2740870012497738,1.6595732448663252,1.959820504001852,2.2006215721290925,2.3906403296924985,2.5241244461144188,2.5868769258354574,2.5870467510867017,2.659407850042614,2.6767538012512837,2.657151587361097,2.6309723319155074,2.589896634122157,2.5415968082229856,2.4824621772821183,2.4312990348084065,2.3711861735691944,2.340578939424754,2.337276208162796,2.3544353306349386,2.378203725116253,2.45369200718532,2.6002373684677322,2.805198874743426,3.030132631196954,3.245247673962053,3.417851917588718,3.553131067671489,3.6539002056055634,3.7208797114327057,3.6826160849839082,3.5480701793076075,3.4505097227123898,3.352007053025232,3.2577552069537665,3.2069296175769546,3.139246774135902,3.075909451748353,3.063970727310104,3.006979988448294,2.954424817665104,2.93061161719933,2.9085647382402153,2.9286261390456447,2.943253825675523,3.009302532048057,3.087286396418811
13,amazon-google,lag-llama,tce,0.16576806841563785,0.07222222222222217,0.08256172839506173,0.10108024691358025,0.12052469135802468,0.13526234567901235,0.14845679012345678,0.1703703703703704,0.18194444444444446,0.17484567901234568,0.19027777777777777,0.19799382716049382,0.2050925925925926,0.2035493827160494,0.19791666666666666,0.18526234567901234,0.16712962962962963,0.15270061728395062,0.13742283950617284,0.13256172839506172,0.13294753086419753,0.13364197530864197,0.14205246913580247,0.15138888888888888,0.16458333333333333,0.1790895061728395,0.1951388888888889,0.20987654320987653,0.22530864197530864,0.23703703703703705,0.24722222222222223,0.25555555555555554,0.24930555555555556,0.21998456790123458,0.2097993827160494,0.20385802469135803,0.19066358024691357,0.18179012345679013,0.1675925925925926,0.15131172839506174,0.1422067901234568,0.13179012345679011,0.12438271604938271,0.11851851851851852,0.11867283950617284,0.11998456790123457,0.1275462962962963,0.13032407407407406,0.1381172839506173
14,amazon-google,lag-llama,wql,184.1736605288871,1.1290511636029004,1.7880861458906763,2.278707129889834,2.6411204668070605,2.9134494315784645,3.124429348084172,3.2738007038236274,3.322604415186517,3.284544559763853,3.3637498858009574,3.399108708854312,3.4134579642290057,3.4060172773304087,3.3775190622588886,3.331248012757324,3.281127810004317,3.244543801228598,3.2173125540299625,3.2262395542715914,3.265524496759994,3.3239278838966126,3.417501816987158,3.5504292716796315,3.727860115518588,3.9624882043647047,4.223808110558031,4.47444316450052,4.688517422859713,4.870723492045149,5.014113853792505,5.106639567007143,5.0806701798353195,4.918210936821456,4.83412879564143,4.762759920015375,4.687961427504945,4.627698188626672,4.531593163142471,4.442642716085467,4.409048649003317,4.353299296195817,4.324515096681761,4.317126891319282,4.330584860524998,4.370855429328407,4.424400592727096,4.510182774919704,4.605886215151349
15,amazon-google,lag-llama,msis,14.191383465821284,4.089008853573117,6.163244881653103,7.480928264861285,8.332337881145609,8.800950004967685,9.073888456907586,9.195866141212907,9.348060742116067,9.628730208113069,9.869910832483964,10.076201840327485,10.33273770523747,10.646435931618415,11.01834500819117,11.407118234389856,11.8732561361653,12.311265304962381,12.713339474610171,13.0349207523682,13.349600590995884,13.722212662525319,14.177994004457203,14.451146684917349,14.740088977543376,15.040089292897443,15.424939245053327,15.750074216251779,16.033463203328484,16.340489560394197,16.570254806042982,16.739405405278493,17.020970783946005,17.514547642649163,17.649519047206933,17.8220396680734,17.931688489031988,18.098613922454977,18.25241314734283,18.346078854886542,18.538873350544637,18.72099965732962,18.894686705651175,18.986637250408695,19.056046911839278,19.096481588365602,19.111141495719647,19.18260984892729,19.226752690453146
16,amazon-google,nbeats,mase,1.035271821597724,0.7024826263135984,0.8636553961351724,0.9168425037871603,0.9643463740501242,0.9582280418213156,0.9625909865980528,0.9516313644151153,0.9840976702176388,0.9762762104341531,0.9840222770611371,1.0176439086251543,1.0252793322828229,1.011525294884518,1.0320652772555576,0.9948941526242392,0.9957513859087666,1.0190726113958626,1.0137501769591457,1.0145167337072383,1.0509729887693993,1.0298308608346103,0.9857648711557611,0.9586855688940011,0.9234047181167006,1.0199492145772344,1.0662744814040093,1.0996324134862534,1.1058752173915638,1.1071262620600457,1.106774695911648,1.1307440719231132,1.1196216288480776,1.0962970673363583,1.1251785720127865,1.1166567472104951,1.1366752195519902,1.1138691260743747,1.0997077614670427,1.0610739023294031,1.1205066734242786,1.084940329702142,1.1213213739804417,1.106483731599052,1.1062954166716563,1.090251532232139,1.0878652223011067,1.080116790780998,1.0524786521673013
17,amazon-google,nbeats,tce,0.3789364902064243,0.2729166666666667,0.313021582733813,0.3459654178674352,0.37510822510822517,0.3638728323699422,0.38451519536903045,0.3673188405797102,0.38468795355587815,0.36998546511627917,0.3721979621542941,0.3820699708454811,0.3694890510948906,0.3709064327485381,0.38008784773060034,0.37500000000000006,0.3705580029368576,0.37801470588235303,0.3737113402061856,0.37094395280236,0.3755539143279173,0.3773668639053255,0.3535555555555556,0.3364243323442137,0.325111441307578,0.3583333333333334,0.37436661698956786,0.391044776119403,0.4042600896860987,0.41429640718562877,0.4154422788605698,0.4190690690690691,0.41601503759398506,0.39781626506024104,0.41146304675716444,0.39962235649546834,0.4085476550680787,0.4036363636363637,0.39704097116843706,0.3869300911854104,0.40601217656012184,0.38856707317073175,0.3961068702290077,0.3931957186544343,0.39640122511485454,0.3931748466257669,0.3824884792626729,0.3675384615384616,0.3791987673343606
18,amazon-google,nbeats,wql,75.28776301822114,1.058784259518066,1.329163808707945,1.4178857145900399,1.495253108685846,1.4828581517916135,1.4842647159720626,1.4660923633856724,1.5177495569040627,1.5074582799553555,1.5153189612560176,1.573831527665732,1.5801909301149328,1.5554357768959401,1.584925167437318,1.5248696062268874,1.5243852631121417,1.5624158580547785,1.5532201132040915,1.5486798662127998,1.6099721959004167,1.5705239628410284,1.5004993326416107,1.4518616421419537,1.3897593894586855,1.5474865435016705,1.6225798764477977,1.6723913479567716,1.6780326801908998,1.6760624045522978,1.6713118285956827,1.7129980787820314,1.688830053072472,1.6521197287994593,1.6957540648852594,1.6767842668047295,1.7059737842947533,1.6678106976875322,1.6390583179047917,1.5800342963109522,1.6703737935488243,1.6142575602353177,1.671610707614304,1.6421508162187994,1.6379864070677392,1.6121097533011168,1.6085764080498295,1.5916027467246525,1.5464673029984604
19,amazon-google,nbeats,msis,1.4116542180940228,1.1616841870159398,1.2888839795034215,1.3219768548517203,1.3574695568854849,1.362670004668528,1.3670519045224963,1.3504633777052966,1.3787859619941014,1.3721608176950757,1.3855869667768987,1.3856195326921987,1.4123921969624933,1.3932117743489396,1.4187733190096687,1.3771963299205219,1.3884081682859604,1.3941076512172526,1.3821134562441948,1.4008266524903379,1.4197415513719385,1.4049512128083934,1.3718437239741141,1.3490038408951799,1.3200043558830374,1.39866744314092,1.425604433422645,1.4581335365928656,1.4697157247230122,1.4638700082299,1.4682053144675098,1.4700504731476234,1.4807090948421857,1.457645640844399,1.486873007290967,1.479605403196642,1.4934456150014759,1.4675019656908388,1.4681650582034163,1.4226273712529158,1.4784264716739224,1.4437345573144125,1.4774244892857913,1.4677355979502242,1.4681211230724276,1.4483791757620432,1.4431954088137597,1.4441193757483497,1.412518801121648
20,amazon-google,autoarima,mase,0.7999880032744798,0.4930620643157729,0.6101855597992603,0.674949013141783,0.7226002269819334,0.7527798239390564,0.7715098709056073,0.7870642442610304,0.7966588103033042,0.8033754966546365,0.8060189307947209,0.8062056612742348,0.8049688313523196,0.8021608913625825,0.7985437684785328,0.7958426567953001,0.7939162395209928,0.7923408723203729,0.7926605006838157,0.7922256565872444,0.7899388955545171,0.7825942408104619,0.7785527865217932,0.7779813109914913,0.7779101620010482,0.7963579625341328,0.8064229358833999,0.8168341172365778,0.8247621553606447,0.8291615476773365,0.8325394091199142,0.8351741353629534,0.838045089899165,0.84020155102164,0.8413327554148811,0.8422054759996771,0.8426687812040943,0.8430425766205305,0.8432665801372937,0.843753118913469,0.8447165054537926,0.8456697465970419,0.8467134069416725,0.8475661761934965,0.8471068122906489,0.847542518713459,0.8480833260951737,0.8470767221123481,0.8451342350398752
21,amazon-google,autoarima,tce,0.09529229133542665,0.11494252873563214,0.11014388489208629,0.10381844380403454,0.09999999999999995,0.0973988439306358,0.09580318379160632,0.09384057971014488,0.0936139332365747,0.09222383720930229,0.09213973799126633,0.09293002915451891,0.09328467153284667,0.09437134502923972,0.09531478770131767,0.09552785923753662,0.09684287812041112,0.09698529411764702,0.0966126656848306,0.09646017699115039,0.09741506646971931,0.0979289940828402,0.0975555555555555,0.09740356083086049,0.09821693907875181,0.0962053571428571,0.09605067064083453,0.09582089552238801,0.09514200298953657,0.09468562874251493,0.09490254872563714,0.09406906906906903,0.09375939849624054,0.09284638554216863,0.09245852187028653,0.09282477341389722,0.09243570347957636,0.09219696969696967,0.09210925644916537,0.09202127659574463,0.09193302891933025,0.09169207317073166,0.09190839694656486,0.09159021406727824,0.09150076569678403,0.0917944785276073,0.09170506912442392,0.0918461538461538,0.09175654853620951
22,amazon-google,autoarima,wql,68.9540448603831,0.9460689160773849,1.1821425286351614,1.2896077617183526,1.355677169961351,1.3983757673228956,1.4255987745921346,1.4461849368941193,1.4606430901972587,1.4691581083301428,1.473277202108339,1.4742733571237903,1.4731908750301685,1.471172914483284,1.4685714329944524,1.4657148200925498,1.4628480709938259,1.4599884590323784,1.4578891197534254,1.4561412856209748,1.4511810398855385,1.4377125483979585,1.4300740037448765,1.427695297112935,1.4262205635878553,1.4500643734094387,1.4587352789745083,1.465414961218745,1.470719345143707,1.4725931227986893,1.4738142540649564,1.4745827667591436,1.4749808748705655,1.4745520097989122,1.473683828660675,1.4721707545833507,1.4706086531884863,1.4690038619740469,1.4669651533235566,1.4653432322158706,1.4637478661947159,1.4620313045511004,1.4608133500598475,1.4593961414376424,1.4570525686981923,1.4551445960906484,1.4536398892244025,1.4513079808818496,1.4482706485689025
23,amazon-google,autoarima,msis,4.093420309979918,2.7184003011737032,3.356948409445403,3.624243582599552,3.7762862720358723,3.8677327294994526,3.92921093338676,3.9730535617301115,4.005306529098764,4.028992585586324,4.047170009350073,4.061072204683314,4.071960148166155,4.080452806817317,4.087281827980785,4.092871903409151,4.097425275729079,4.100809364100969,4.103659899541903,4.106381627200141,4.1074527063255495,4.1042323291625395,4.1035860138167175,4.104919250329417,4.1065033601225895,4.168247625422045,4.200647586178801,4.2159476783151275,4.225995674612109,4.2327386097993935,4.237783728721245,4.241294720071954,4.244484587618041,4.246737662449928,4.248666018306518,4.250114593544054,4.2514642724767056,4.252450183199436,4.253077243415155,4.253873972643611,4.254503183851086,4.255088848525168,4.255835613092044,4.256399277819984,4.25641022208737,4.256447831270971,4.256522310676472,4.2566552048575685,4.256834598789666
24,m5,timesfm,mase,0.8524894704837098,0.6844823081935507,0.7184872642009235,0.731369841288018,0.7389783323892077,0.7424596016874331,0.7448425916627571,0.7549978383413797,0.7737202051448568,0.7873114358739647,0.7894244008132761,0.7935355668815253,0.792700618833319,0.7928085063268433,0.8028064380487598,0.8150176239109184,0.8188922065058423,0.8186134057247321,0.8192539906946642,0.8187413576216259,0.8175041395768714,0.8221014048190401,0.8329990574850344,0.8380786432949484,0.8388050028681553,0.8416786941142802,0.8445165843880031,0.8455574894820868,0.852279104303827,0.8667496117119052,0.8773641878317707,0.8869234683357397,0.8961882841031186,0.9003664973753617,0.9072501377566085,0.9172017226396995,0.9289225977416659,0.9385959908799008,0.9471160883464753,0.9482872768781038,0.9480617426046155,0.9507317204056548,0.955616522029667,0.9634238218885861,0.967971384087786,0.9641184119512641,0.9627730271387489,0.9596325207048495,0.9602359143307075
25,m5,timesfm,tce,0.022250299490865502,0.009478885893980188,0.007906558849955031,0.008894878706199469,0.010242587601078115,0.014195867026055659,0.014690026954177843,0.016262353998203014,0.01334231805929914,0.013072776280323398,0.014824797843665721,0.017430368373764563,0.019451931716082616,0.01886792452830184,0.015858041329739392,0.01091644204851748,0.01239892183288406,0.01460017969451928,0.017430368373764563,0.020485175202156286,0.020260557053009845,0.022057502246181457,0.017610062893081715,0.019182389937106914,0.020305480682839133,0.022866127583108672,0.023450134770889447,0.022057502246181443,0.01963162623539977,0.020799640610961373,0.025067385444743934,0.02964959568733154,0.030952380952380953,0.032300089847259655,0.02920035938903863,0.025741239892183285,0.028885893980233612,0.031626235399820304,0.035893980233602865,0.031266846361185985,0.03140161725067385,0.032659478885893975,0.030592991913746634,0.030458221024258755,0.03337825696316263,0.03180592991913746,0.03149146451033244,0.03221024258760108,0.034860736747529195
26,m5,timesfm,wql,45.66157088650995,0.7633252266559799,0.8043633153472115,0.81896314231447,0.8274273806909193,0.8302721033520527,0.832722079396174,0.844698413176448,0.8641557651470664,0.8763159898154086,0.8797214861916949,0.8841372224911749,0.8830425559449736,0.8853182342418675,0.8954414838864543,0.9085838965427394,0.9137986474027986,0.9135029306490798,0.9149334007928824,0.9162010728378671,0.9146278473349558,0.9193795089949185,0.9302741676528183,0.9329331954798075,0.9356741958147797,0.939000053843281,0.9407992853451669,0.9412020683548022,0.9496251004248406,0.9670320301209364,0.9781513724000007,0.9891269178444789,1.0004251715575105,1.0056100538145893,1.0124316664567736,1.02349809962607,1.035674199660526,1.0459558750703355,1.055259743098402,1.0572122937490456,1.0574194101553849,1.0594578356262385,1.0643085923865834,1.0742812320625292,1.078876385640915,1.0761541186038228,1.074950094750888,1.0724138942798094,1.0728921294824758
27,m5,timesfm,msis,2.9655045901016663,2.29155754811765,2.411772806209889,2.475978715269746,2.52786747590795,2.559051178030321,2.587686623181949,2.6250906138614796,2.674808594647281,2.7051443318633286,2.7401463584009873,2.7649448443328764,2.7890570542380453,2.8006522332940986,2.8129057840586698,2.8375467717529514,2.862127900127851,2.8751163998206852,2.907497887800574,2.9360264659942312,2.9298574162554707,2.943598059702688,2.9570709393362176,2.9662578028239945,2.986389163154669,3.0231862772881755,3.03608963228036,3.0285130743417072,3.044617963157581,3.0782754726933828,3.1035819868998047,3.117360871729733,3.1463053382671333,3.1600035248806453,3.1568679273933475,3.166476756262192,3.1977861181122362,3.2044529047854935,3.2193668302323326,3.2353273362562116,3.251640777594006,3.2387455226370125,3.2518564335124545,3.273648073029369,3.2725195217710805,3.2820235626750516,3.2994305000642696,3.295561727566951,3.2924292232658487
28,m5,moirai,mase,0.9681611012606667,0.7996231390913918,0.8339085790266143,0.8605176600811654,0.8878463619083703,0.9115211097474936,0.9013840782254208,0.9148094881756721,0.941724809497579,0.9471421496697277,0.9651860963956231,0.9682311799968896,0.9660175055599168,0.9517078043987304,0.9393151197111206,0.9526057249713058,0.9461311796391955,0.9476771774020808,0.9419482324942748,0.9526993070867381,0.93290865574198,0.9383767225428881,0.9554061812104448,0.9402813308856182,0.9407508276559036,0.9470108644403459,0.9561411526255191,0.9323178421249089,0.9450510509749843,0.9769004565980232,0.971757499871109,0.9758323025559935,0.9776970554119475,0.9970187340210039,0.9730332579895273,1.0114146313882977,1.0249131482052187,1.026914763669779,1.0477737637055264,1.0571438482416122,1.0412935900408054,1.0307327224486023,1.0449210577466643,1.0479978357476538,1.0538563769518474,1.0601516013182264,1.0639991634128187,1.0504029971126934,1.019736722792738
29,m5,moirai,tce,0.03584344115004489,0.007681940700808659,0.011500449236298296,0.009928122192273084,0.0112758310871518,0.007502246181491423,0.018957771787960417,0.018149146451033188,0.023450134770889447,0.018688230008984674,0.015723270440251527,0.019182389937106872,0.023450134770889447,0.026325247079964018,0.031491464510332384,0.03459119496855341,0.03279424977538181,0.03674752920035934,0.03301886792452827,0.03845462713387238,0.04582210242587596,0.04119496855345908,0.03319856244384542,0.04115004492362978,0.04896675651392629,0.052021563342318014,0.048787061994609124,0.05426774483378252,0.05741239892183285,0.04892183288409699,0.046945193171608224,0.048742138364779836,0.054672057502246144,0.042407906558849906,0.0470799640610961,0.04757412398921829,0.04699011680143751,0.0396675651392632,0.03171608265947884,0.03355795148247974,0.041823899371069145,0.04236298292902062,0.04083557951482475,0.04676549865229106,0.04339622641509429,0.043710691823899334,0.03566936208445637,0.045193171608265914,0.0507187780772686
30,m5,moirai,wql,51.98034886150473,0.8844811384280068,0.9303210949845446,0.9586625542665281,0.9887483896922633,1.0154850095087489,1.0025306677343588,1.0149812084903773,1.0465298203594309,1.0513893920528743,1.0681232746331575,1.0745690882679275,1.070569855116754,1.0606517747962536,1.045787100533866,1.0634519692789064,1.0579547499378146,1.056513511041387,1.0547463226542122,1.067531323883533,1.0534134857745663,1.0558983530921762,1.0726655508469525,1.0601710302512846,1.059161891967583,1.0709590980206234,1.0791946424055998,1.0596806915483734,1.0648567319574807,1.0968334687933285,1.0946487086396128,1.0982729721694116,1.1031959021635098,1.1153877386885085,1.091194333224875,1.1307877703226834,1.1474018456457322,1.1460367257205548,1.1656159704214348,1.1759091957659633,1.164754763634829,1.1517068099226773,1.1654978538394114,1.1704422950641242,1.1763346914287864,1.1853846107208275,1.1891919815826097,1.1740539689597544,1.1486675332705125
31,m5,moirai,msis,3.767775295328214,2.69802340008356,2.872839463571694,3.0049623872955675,3.135641394568686,3.2118077748897287,3.223443014307055,3.242215113193283,3.3922365389013116,3.441465088629552,3.419354077891731,3.481876531618117,3.5040702052540986,3.573051999822382,3.524248581337538,3.618433341588526,3.6424583659909087,3.702768213565694,3.6804536159831116,3.770950541395047,3.7946452964478103,3.7338152918922884,3.7126405700859606,3.78044964640527,3.8382685550653113,3.9400839062998423,3.945261902648017,3.9638141739694306,3.961139125834663,3.9888607159848877,4.008463941197809,4.0456848384590325,4.144050336150722,3.988813434957604,3.9844547468165246,4.095561792030861,4.1333910573448875,4.0552804095824815,4.002400361982363,3.989909657570128,4.117871132809359,4.153869824870337,4.142587423608638,4.179759554540475,4.166206701979185,4.227226243120004,4.1334290939712295,4.197241519867133,4.287733270374446
32,m5,chronos,mase,0.9161533400444732,0.7270978320260456,0.7683458141954533,0.7870890306582412,0.804092708193145,0.8082374911316671,0.8130444559487705,0.8237368365390797,0.8496364537743413,0.8570247326892847,0.8669894806504261,0.8637255932240407,0.8649105766653493,0.8742343619432451,0.8711395771720835,0.8889079523559162,0.8890629825231052,0.8918401476205712,0.8955467378529033,0.8913081547175434,0.8899481558449746,0.8917782820242335,0.8979248995120909,0.8980347669446663,0.8978545436042683,0.8950465792253991,0.8998719055649013,0.8999570060031928,0.897816191570372,0.9239950330592135,0.933540158757189,0.9387357081740436,0.9438870746484472,0.9484194647028855,0.9580291620466146,0.9677950334704969,0.9924782938914238,0.9996175213843025,1.0005500891495924,1.004976263586727,1.0117013530069765,1.0119010838824993,1.0117098863820417,1.0303908513785232,1.0381086538149729,1.034786936258787,1.040603624361427,1.041477240753599,1.038453639249642
33,m5,chronos,tce,0.5915964734950584,0.5811320754716982,0.5885893980233603,0.5866127583108716,0.584501347708895,0.5867475292003594,0.5894429469901168,0.5887241689128482,0.5904312668463612,0.5906558849955077,0.5882300089847261,0.5898472596585804,0.5915992812219228,0.5883647798742139,0.589173405211141,0.5925876010781672,0.590566037735849,0.5915543575920934,0.5889487870619946,0.5832434860736748,0.58607367475292,0.5865678346810422,0.5830188679245283,0.5869272237196765,0.5891284815813118,0.5898023360287512,0.5922731356693621,0.5884097035040432,0.5893081761006289,0.5946091644204852,0.5952380952380953,0.5945193171608266,0.5948337825696317,0.5929469901168015,0.5934860736747529,0.5951482479784367,0.5977088948787063,0.6025606469002696,0.5983378256963163,0.5967654986522911,0.5984276729559749,0.5932614555256066,0.5943396226415094,0.5988769092542678,0.5982929020664871,0.5942497753818509,0.5948787061994609,0.5995058400718778,0.5961814914645104
34,m5,chronos,wql,55.45984308683325,0.9195313683414504,0.9728566945880653,0.9935538938638565,1.0156661638684548,1.0226392909599158,1.0279196315884562,1.0427228950576415,1.0747299639883883,1.0828690633859042,1.094811710850407,1.0929328166547323,1.0943830495751732,1.1023901130832263,1.1031220107224262,1.1261026773089253,1.1252192296491301,1.125777964735793,1.1300523205952633,1.126727711510213,1.1239566044924734,1.1261567950914628,1.1340633852696094,1.132489812354874,1.1296516067437172,1.1289066943576975,1.1335342064364484,1.132853012802368,1.1340730211029428,1.1622847738823165,1.177102302235846,1.1808497432903033,1.1903447890721184,1.1941603820243838,1.2056824158497421,1.222424724641401,1.249175226042651,1.2594656834989957,1.2610830713021517,1.2676738016097953,1.2713137125728753,1.27371205027166,1.274815649703983,1.297474965710612,1.3041493147917806,1.3018019491326855,1.3074372346842211,1.3059954940278777,1.3032020935088315
35,m5,chronos,msis,1.1399417842229989,0.900560880706447,0.951343798242834,0.9750901595043858,0.9905701775282069,0.9943697247555909,0.994780462054397,1.008248988667755,1.038819647937394,1.0601700048058862,1.0704372919855345,1.0690360644790595,1.0688929449557314,1.0758868382389606,1.0711288032843156,1.0903854431716753,1.0995812518056511,1.1051563498137142,1.1076706446085727,1.1081255253933984,1.105149074752167,1.1054176755895078,1.1202233390652256,1.124764842214949,1.1279758149182335,1.1262509019857156,1.1287594078850602,1.128295783167158,1.1283564621236892,1.1577005374151776,1.1729138549808953,1.180634490470196,1.183279617723989,1.1888674212371715,1.195661906676133,1.2047787597663384,1.2303370992922806,1.2437107016262046,1.2487153684858832,1.254829957044337,1.2567086443874897,1.2614165405371398,1.2623395099469936,1.2868030376136395,1.299753384903271,1.2961661807258724,1.3019156681713437,1.30809635714705,1.307128300911323
36,m5,lag-llama,mase,1.2253132936868272,1.0545842170486883,1.3196482925815822,1.3602481864411935,1.335320012709253,1.2541438923258668,1.1368455927498307,1.093818568753507,1.1707386701063376,1.2653996571901378,1.2726052698671455,1.2424502326242626,1.1852369504769258,1.1200228709904874,1.0934467212901182,1.1558259192599822,1.2218720001744732,1.2347629849568214,1.217342256522579,1.171062824635453,1.115492887664304,1.0937704064463238,1.1449614961351107,1.1999085713631286,1.2170320089882782,1.2052229184107135,1.1744787786152984,1.117814725701973,1.102364581911103,1.1684726857360463,1.234895160655963,1.2637311108458416,1.2693475644952539,1.2446593541844735,1.2038055900962517,1.2018451496341755,1.2634540432457662,1.3231207055188825,1.3509524947913178,1.3448856746407893,1.309399745859173,1.2713876551869085,1.2442450963530232,1.290258737348353,1.3303667510919208,1.3447972431803519,1.3297901788374569,1.2994999173846609,1.2497017419402154
37,m5,lag-llama,tce,0.23648453878406714,0.39155435759209345,0.3790206648697215,0.3618149146451034,0.33876909254267745,0.3141509433962264,0.2742587601078168,0.2600628930817611,0.27938005390835585,0.2831985624438455,0.2661275831087152,0.2511230907457323,0.23571428571428574,0.21513926325247085,0.20345911949685538,0.22106918238993717,0.23571428571428574,0.23854447439353102,0.23050314465408808,0.2196316262353999,0.19820305480682845,0.21051212938005395,0.22942497753818514,0.2428571428571429,0.24721473495058405,0.24186882300089851,0.22785265049415995,0.20911949685534595,0.19546271338724175,0.2135669362084457,0.23050314465408808,0.23584905660377364,0.22641509433962267,0.2006289308176101,0.18387241689128486,0.17610062893081765,0.18854447439353103,0.20768194070080867,0.21051212938005393,0.20691823899371073,0.2074123989218329,0.19761904761904764,0.19645103324348612,0.2103773584905661,0.2230008984725966,0.22183288409703508,0.2153638814016173,0.20552560646900275,0.19132973944294704
38,m5,lag-llama,wql,71.94172902283141,1.263559939027271,1.5646990395212403,1.604697904082494,1.5744069720496707,1.4866694780766812,1.356343620316259,1.3108537732681638,1.4012639782909022,1.5090762009198921,1.5200917915774161,1.493390192540871,1.4376059818804912,1.3599520371632692,1.3193324098926076,1.4020523905845437,1.4873388810566912,1.5089381760182425,1.4884043805432543,1.4406860878657803,1.363009375486765,1.3286182908453503,1.4041684455050791,1.484690853032581,1.5069666866690679,1.4930836308988067,1.4567148164173145,1.3793699359013272,1.3443036897544345,1.4350922120559684,1.5330183199851986,1.5735803571630693,1.5764049359307877,1.538506473416534,1.4860725635636296,1.4692123418027894,1.5511369814056926,1.6372417853902235,1.672442228862679,1.664638840159049,1.6263682322480544,1.5716799439917049,1.5271090112380865,1.59552586167187,1.6653464712958232,1.6849771603661163,1.6662415773900492,1.6269402269763278,1.5499045387312937
39,m5,lag-llama,msis,4.2580929568221695,1.905827371485494,2.5179532482340887,2.8427016749506913,3.0380400370804272,3.1493410948179728,3.1889236332241726,3.24503783603881,3.353432993031253,3.5863869876421357,3.7704163707279283,3.868837268435267,3.920114711980414,3.9471220396963362,3.9605925744795765,4.024984471129986,4.114189770507288,4.170901804032231,4.186433801091073,4.1913729535891076,4.165259597080909,4.076816445971068,4.12503221225982,4.188952599878695,4.231937611970651,4.273879858971937,4.310923377178255,4.315820029983037,4.354881124698261,4.424745452930153,4.5422686774483285,4.588899502641895,4.672838254363484,4.8547034182130115,4.895899509303427,4.9275616712228,5.005357280390405,5.061057818207368,5.080901552224202,5.093916196498245,5.058490069509477,5.035479327061133,5.026286671402834,5.105091140519642,5.1614632578743045,5.211674753356158,5.2282378323055925,5.210658719561864,5.176817322262905
40,m5,nbeats,mase,0.8225536804400526,0.6963430026766178,0.7234508565145252,0.7252750710017885,0.7334411195641714,0.7421811678371206,0.7377495736223392,0.753746539518273,0.7695641763260395,0.7780362454643305,0.7682331122542975,0.7752178794639261,0.7744417360943221,0.7843476086417012,0.7783849218100583,0.7860543439621127,0.792291007451093,0.7877651467035496,0.7899088931416903,0.8074842810822281,0.79942995102455,0.8109943271414297,0.8116145159737037,0.8153371217304418,0.8098538266811809,0.8115561294870456,0.8099905092310654,0.8172996497376013,0.8224718282012262,0.8416926214631528,0.8526521700148207,0.8418509200248381,0.8513378205256691,0.8562535060697959,0.860959196307718,0.8750565363091715,0.883157157753532,0.8834902318393626,0.8823901095934565,0.8853822575585074,0.8928083101938334,0.8962005724146473,0.900728870948969,0.9058927118878949,0.9099752000304651,0.9051630446021031,0.9098553329847201,0.916737025630656,0.9185285226307851
41,m5,nbeats,tce,0.3953929472040591,0.34238875878220143,0.35608610567514687,0.3558869701726845,0.3627312081857537,0.3676795580110498,0.3692916501780768,0.3698809523809524,0.3758853959411063,0.3784916201117319,0.3781512605042017,0.3817817014446228,0.3847484909456741,0.3844229217110573,0.3823957911776609,0.38514610389610393,0.38457468457468463,0.384,0.3873925501432665,0.3890394088669951,0.38834911486208323,0.3917836498761355,0.3931677018633541,0.39555647840531566,0.3852977925864224,0.39411027568922313,0.39614578969417685,0.3997058823529412,0.3964180362410451,0.4023668639053255,0.40258584145824505,0.4075255102040817,0.4081876332622602,0.40491873396065015,0.4086658086658087,0.41531841652323587,0.41260250323694436,0.414978354978355,0.4132435953104646,0.41698606271777006,0.4179554390563565,0.4238387379491675,0.4244835164835165,0.41988536155202827,0.41862007961079173,0.4258651286601598,0.4238985313751669,0.42883928571428576,0.42758620689655175
42,m5,nbeats,wql,51.89311176714777,0.965111230649869,1.00360878777229,1.0031645349070468,1.012543099758484,1.0213274941386137,1.0123327717304158,1.034786963991894,1.056016194118878,1.06624601206447,1.049063697352997,1.0563804080449701,1.0510690270892298,1.0625840235754767,1.0504159647777176,1.060555503346212,1.0660136514236842,1.0567989441205785,1.0561281748551823,1.0791278860482234,1.0648446190450551,1.0775204887146708,1.0771492710999313,1.078776307699825,1.0676368138202579,1.0666930470368052,1.061149541849299,1.0681058805015426,1.0725161205756109,1.0986688266436666,1.1108466930673673,1.0921388663417022,1.1009880683129678,1.107051732712361,1.1084592406690252,1.1249262581178303,1.1336260165587746,1.129982400416125,1.1248942984380839,1.1254004276456355,1.132524851244753,1.1342302406156028,1.1369943193215966,1.1415785394922213,1.1432024278495403,1.13284252798487,1.13642197481075,1.1407000295336713,1.1399675672619927
43,m5,nbeats,msis,1.177637930817369,1.0869594672641176,1.1058867327592918,1.1070439690386642,1.1105775156697895,1.1208143445838752,1.1151773511942535,1.1300641866320742,1.1394973990979071,1.1452917619526701,1.1357924253791258,1.138472197934474,1.1392859216576954,1.1532588225234577,1.1486237411071794,1.1494223184433374,1.1562100029487772,1.1507906590344046,1.1520328504544057,1.1662599005605339,1.1598829707073892,1.1681271103571778,1.1680958730180004,1.172480326079314,1.1670703361873127,1.1659350161221924,1.1654424854208691,1.1735933416793296,1.1809113044563124,1.1875507272127475,1.1978680782946467,1.1891039327401092,1.2000741610968626,1.1982010227393365,1.2070242194782188,1.2157364856271968,1.224170478453349,1.2193616617025187,1.2243551100457013,1.2235075685340189,1.234708000318075,1.2329747763893464,1.2369023255124005,1.240302478634153,1.2465953769893034,1.2382522104298688,1.2415124667101858,1.2464901329015559,1.2489291331601975
44,m5,autoarima,mase,0.8668582797115285,0.6991517338285616,0.7372603513301649,0.7583286779389831,0.7829350942077015,0.7904420010541207,0.7938874300517816,0.8087518632591661,0.8317651693083103,0.8428073700696336,0.8514300443317677,0.8531499503936535,0.8528235822520147,0.8550302663399031,0.8566920089068532,0.8639712278824349,0.8629885942586702,0.8611625242693022,0.8581134831469389,0.8549356820248897,0.8530276353971975,0.8531696740172576,0.8563612639018463,0.8576482563334002,0.856131097331603,0.8557952788731878,0.8566885915325381,0.8566466062998558,0.8589572883801921,0.8710655765844816,0.8766350084849004,0.8814943374030598,0.8864600999046723,0.8905248079495286,0.8954526014555323,0.9008030419076979,0.9130509581395009,0.9181497763259832,0.9216222897825772,0.9242324916146915,0.9248335685488874,0.9257515109180403,0.9277167830523002,0.9350712621013904,0.9381309088310142,0.9391075076556711,0.9402902776990545,0.939874238040807,0.9388776328316474
45,m5,autoarima,tce,0.08438969166752962,0.07779078844652611,0.08136986301369858,0.08061224489795915,0.08138528138528134,0.08224151539068661,0.08603086664028489,0.08595238095238092,0.08460007958615197,0.08447725458898639,0.0840336134453781,0.08499197431781697,0.08519114688128768,0.08470540758676348,0.08514771347632533,0.08640422077922073,0.08640618640618636,0.08689795918367342,0.08714695047073266,0.08747947454844002,0.08785508439687109,0.08839801816680425,0.08795031055900618,0.08841362126245843,0.0888379841732611,0.0890977443609022,0.08977796397151232,0.08932773109243693,0.0886641382216603,0.0872781065088757,0.08618058499364133,0.08609693877551015,0.08588486140724942,0.0843455945252352,0.08481338481338477,0.08351979345955246,0.08195943029779883,0.08099567099567095,0.08076422058184972,0.08083623693379786,0.08160768894713845,0.08225241016652055,0.08180219780219776,0.08064373897707228,0.07974347633790353,0.08030168589174795,0.08006230529595011,0.08017857142857139,0.08025078369905952
46,m5,autoarima,wql,55.72223517173259,1.0126109542170612,1.0707477241527708,1.0923879722580772,1.1136198544760199,1.1230483763560943,1.125866755347785,1.1372447103937708,1.1596247374432938,1.1667004183550618,1.1744047792740586,1.1762503212811732,1.1751413190955018,1.1761440002025187,1.1757685403456846,1.1829256162718866,1.1813060202339498,1.1783991075024274,1.1742684357246038,1.170920952504959,1.1679268435422936,1.1656277962918047,1.1677781154175224,1.1662596624200943,1.1636081883689395,1.1604494483620384,1.157902469957129,1.1560469428453761,1.1558757801178623,1.1657484762245192,1.1687818775397134,1.1696881746605563,1.1705862214888327,1.170941897589076,1.170350287929718,1.171521261935048,1.179797106306135,1.1814062084181824,1.181948296611935,1.1809980172871009,1.178647746772287,1.1755598620312908,1.1739996673327622,1.179417294097174,1.179314043590327,1.1780300233693382,1.1753616728553011,1.1726698607051094,1.168611332228423
47,m5,autoarima,msis,3.6737952220684504,2.9589338085167736,3.1532674416052617,3.2294921916092245,3.2962756344418485,3.3428640760998545,3.3782858589209765,3.410007722261997,3.483057680303515,3.5161294888158636,3.5399691249476084,3.5606407264864535,3.5758332580395513,3.5906299010339833,3.602170745320161,3.6363737885390712,3.6497256551653905,3.660025854189758,3.668370107308471,3.67653451139748,3.6834010189618565,3.6897829370266475,3.7151357530997458,3.724335169324859,3.730874386872271,3.736836840066291,3.7419701246665507,3.74734281724875,3.752727355908263,3.777517234814659,3.786403528716274,3.7925401144073474,3.798450417543153,3.8037029921721524,3.8078211745915524,3.8125180918721173,3.8338928846410187,3.840947933962027,3.8463551084478476,3.8509633365348246,3.8547781412893474,3.858052226333204,3.8617371881404345,3.88213863101315,3.8885189909500357,3.893297678691087,3.8969597760493455,3.9007856906234912,3.903795540314055
48,glucose,timesfm,mase,6.006720772297648,0.6838251541263298,1.359331139846036,2.169587251355389,2.899935858214032,3.5079445084502425,4.011711926033035,4.427642920073085,4.7798654209618645,5.052214604905037,5.28223829540125,5.481827097454672,5.652442781770449,5.796032901412134,5.913572354487995,6.029950583408538,6.1551894276072,6.2590258151834295,6.334565562435051,6.408634032389176,6.479610857995255,6.535931730911751,6.598970729703353,6.65201507575478,6.700663648181762,6.744059304502694,6.799291096024078,6.84285680113046,6.8785094344798585,6.921445288670454,6.945908020929047,6.953726609584804,6.963551288263667,6.963917672006179,6.9722342127601395,6.970418353371893,6.9716338493005985,6.980849910961386,6.971416133368201,6.997469676212501,6.991216212978915,7.009888041555569,7.022565555010324,7.011088090761478,7.030401936194178,7.0383507738586015,7.060963648188601,7.04770886986559,7.060396612246014
49,glucose,timesfm,tce,0.009487974877450976,0.01043198529411761,0.022074142156862694,0.00698529411764702,0.018841911764705885,0.008716299019607895,0.007414215686274553,0.006341911764705929,0.0035845588235294545,0.001976102941176519,0.004503676470588275,0.0035845588235294545,0.0042892156862745084,0.006127450980392149,0.0045189950980392135,0.008425245098039214,0.0061427696078431016,0.008287377450980349,0.009589460784313691,0.011734068627450939,0.008517156862745054,0.00965073529411764,0.008501838235294115,0.009420955882352935,0.007506127450980379,0.009497549019607851,0.00988051470588236,0.011642156862745098,0.012408088235294115,0.011106004901960786,0.009574142156862753,0.009574142156862753,0.009803921568627444,0.010033700980392149,0.009803921568627444,0.009957107843137247,0.01011029411764705,0.010033700980392163,0.00928308823529407,0.008900122549019576,0.011887254901960742,0.010508578431372512,0.010569852941176475,0.011565563725490197,0.011948529411764705,0.01309742647058823,0.011182598039215688,0.014016544117647065,0.011871936274509803
50,glucose,timesfm,wql,44.34836479352099,0.10176417198564641,0.20277935298972533,0.3249172569213712,0.4363005921161458,0.5291069281749577,0.6056575731049035,0.6684180541748369,0.7218277887208779,0.764357725326954,0.8004969182965196,0.8317458928197133,0.8586707115631026,0.8821901932910432,0.902169427713439,0.9216139988015831,0.9395214096556082,0.9551337119660245,0.9690471906396618,0.9821840028184365,0.9946735970442098,1.004702726262625,1.0154975024065103,1.0248595794542144,1.0332636452479287,1.0409169066459247,1.049099058341946,1.055285301459953,1.0610153258212656,1.0679467600095423,1.0719460111498322,1.0737389860080773,1.0766175085667247,1.0784273309300936,1.0806853444127866,1.0816033231751259,1.0826949803502384,1.0829203727087016,1.0821941995007156,1.085438420807994,1.0847699676305163,1.0863899633088507,1.0875617871927856,1.0870434568535008,1.089369609286823,1.0903216856781328,1.0931275011040702,1.0930273178880878,1.0953237231932693
51,glucose,timesfm,msis,21.948767300926104,2.5274254055094074,4.845864989470698,7.301517610866013,9.45283958905058,11.263469355487187,12.918082625855622,14.335413455310459,15.61039219994975,16.598952170879482,17.482494822390407,18.264265367920533,19.037582244059877,19.711074780094755,20.359126277835546,21.0100982516733,21.50574723493758,22.014847382213812,22.499178754252128,22.93161457922854,23.25981715348572,23.598594643260313,23.878919205121075,24.14892158369876,24.32994195040747,24.488392878098423,24.72720973550298,24.963175486672068,25.172530709343466,25.41569498992671,25.579975128126456,25.725449271338572,25.999588321309172,26.134021908551084,26.235013625078622,26.382792988566877,26.58256829684962,26.67512527870587,26.831802988426382,26.966812154050782,27.081794918613433,27.087330883045848,27.157547402591472,27.299962483575698,27.467200882461643,27.530753396586743,27.632948651648345,27.738109979637375,27.778846452786325
52,glucose,moirai,mase,7.012000047098655,1.0606288488339897,1.8941390252772308,2.7136382246185087,3.416757260135505,3.9963834107802114,4.4642819685953175,4.869001744251991,5.2286818880941155,5.566552315195396,5.797454905432152,6.04909000682651,6.242188829595332,6.378189943395001,6.546734231422799,6.7099957783794135,6.807829619195586,6.9915367362034075,7.1086775764743475,7.18688303867729,7.322983766051015,7.371045837790904,7.534719419254382,7.692540214312086,7.75857360825847,7.829209130250637,7.873773141734692,7.907878619566481,7.991222417261465,8.101233809643942,8.10913415507835,8.167634976695176,8.296665664304564,8.285363113281784,8.325838215988801,8.315380341052041,8.253851353939343,8.306517512367709,8.322047476943009,8.351861742332567,8.442505883022944,8.552029289578035,8.628757131797453,8.642716191082464,8.553861048223125,8.483163701799095,8.671109570001642,8.727883980528892,8.727855597210258
53,glucose,moirai,tce,0.039626097834967344,0.028048406862745054,0.018750000000000044,0.05949754901960788,0.07259497549019614,0.07757352941176476,0.07856924019607847,0.07765012254901965,0.07619485294117653,0.07948835784313729,0.07573529411764712,0.07428002450980398,0.07366727941176476,0.0634803921568628,0.05451899509803926,0.046553308823529455,0.045251225490196126,0.04371936274509808,0.04494485294117652,0.04662990196078434,0.04509803921568631,0.04747242647058826,0.051838235294117685,0.054059436274509834,0.051455269607843176,0.0447916666666667,0.04257046568627454,0.04509803921568632,0.04364276960784319,0.034911151960784356,0.038051470588235325,0.037438725490196126,0.03590686274509809,0.005039828431372587,0.004044117647058865,0.005438112745098034,0.009037990196078427,0.008057598039215644,0.011197916666666627,0.018535539215686278,0.015471813725490197,0.010646446078431376,0.009512867647058776,0.01012561274509799,0.013174019607843132,0.014108455882352905,0.01709558823529407,0.020618872549019562,0.02046568627450976
54,glucose,moirai,wql,51.46332692137084,0.15848789207007677,0.28439143821332635,0.41086785611569376,0.5187157071768276,0.6102311339845877,0.6816699362132242,0.7422823638572157,0.7989865921307104,0.8488034579788105,0.8849377686439996,0.9204793953449918,0.9485359844851073,0.9701419823343038,0.9966122617539308,1.0221583068591367,1.0396567659769465,1.0668154835673345,1.0851296718441164,1.0982411049267624,1.1200856391906175,1.1284070641608082,1.1515735385284485,1.173591363826071,1.1844787542657433,1.1933337836280709,1.2014433475954018,1.2061508769011577,1.2162750581444581,1.2295746507725362,1.2357643887311192,1.2419368116930722,1.2595011187123712,1.2748128400534688,1.27759455982882,1.276884209944436,1.270196164038968,1.2769365552499177,1.2797993902893732,1.281068453881443,1.2959911748673794,1.3100702500227488,1.319843915581384,1.326235980426874,1.313496437230054,1.3079947103655583,1.3337599884586488,1.3445859648652736,1.344794826639518
55,glucose,moirai,msis,24.719501408592215,4.085269498522936,6.24573615893141,8.178488180244658,9.909323447836297,11.468736856902998,12.69970861344308,13.778326886649873,14.951671995031315,15.950116751150388,16.738862749256295,17.55745052309467,18.063553200097463,18.828213047131054,19.976303958514926,20.876711751898778,21.46084339725586,22.073687709622714,22.679181528276214,22.949284336777854,23.586178205780758,23.85367844914753,24.056063435934345,24.574977107237377,24.93576106393485,25.688270617514867,26.102764144604407,26.264824235376,26.761499386429286,27.47195202934579,27.638073469839508,28.107976712338424,28.628990480586662,32.44483223424128,32.49516895651072,32.66432793718818,32.77714572429632,33.26638204356868,33.39044724344096,33.47242755771789,34.01340933619974,34.27538289338939,34.77856196180558,35.50908101104761,34.85345840619856,35.140272626970734,36.62589195587496,37.247544520746615,37.43925327452044
56,glucose,chronos,mase,6.747854165039124,0.6429299097170946,1.4256478313746002,2.2804735442595097,3.0426602933758584,3.688998308478273,4.22735674340594,4.680109944439317,5.05384344250964,5.370210659165026,5.6404813864122705,5.876366983653293,6.098720314246793,6.281848252006591,6.451811120188626,6.6029403535581945,6.744833966248599,6.880922199623294,7.006286954284259,7.1290092265105836,7.218028098688709,7.293410548223124,7.37069588702587,7.46528615510057,7.55131048326018,7.637877054764201,7.730238922436897,7.804597281090191,7.868085104611057,7.906300957408661,7.938700305762367,7.963233621316693,7.987004370238192,8.01784828561442,8.036969382718707,8.037408022557909,8.049632587849016,8.06576310722441,8.079787303289168,8.08014790875482,8.077271298648714,8.0704262401072,8.066749591990387,8.072182136152474,8.07258725625735,8.061641225131266,8.071743914489156,8.080041130074587,8.096580307633934
57,glucose,chronos,tce,0.5370094847834967,0.5634037990196079,0.5511488970588236,0.5530637254901961,0.5522977941176471,0.5505361519607843,0.5449448529411764,0.5431832107843138,0.5392003676470589,0.5421109068627451,0.5401194852941177,0.535906862745098,0.5374387254901961,0.5414981617647059,0.5404258578431373,0.5396599264705884,0.5405790441176471,0.5376685049019607,0.5382046568627452,0.5370557598039216,0.5354473039215687,0.5364430147058824,0.5353707107843138,0.5345281862745099,0.5339154411764706,0.5365962009803922,0.5338388480392158,0.532766544117647,0.534375,0.5316942401960785,0.5316176470588235,0.5333792892156863,0.5316176470588235,0.5352941176470589,0.537515318627451,0.5362132352941177,0.5365196078431373,0.5329197303921569,0.5323835784313726,0.5294730392156863,0.527328431372549,0.5264093137254903,0.5315410539215687,0.5290134803921569,0.5298560049019607,0.527405024509804,0.5283241421568629,0.5329963235294117,0.5332261029411764
58,glucose,chronos,wql,53.9173878628398,0.10727938214685545,0.23768787306861633,0.38095763678011996,0.5094657854062481,0.6178599955725642,0.7079688492596748,0.7833551214747367,0.8459368062810374,0.8981563079816414,0.9436680144882232,0.9834637902821394,1.0194452746886034,1.0499377438979869,1.0773680603800686,1.1026001108230004,1.1253876461473338,1.146784509983864,1.1667242793765138,1.1851514800685075,1.2009544517628379,1.2150407545512774,1.2289169052206135,1.2430926449082718,1.256700407528903,1.2700212572303675,1.2833484816904848,1.2948360025238161,1.304360518260858,1.312101724640231,1.31755228710011,1.3220566111500784,1.3265722223555918,1.3308330928035765,1.3336438880111996,1.3347502724034506,1.3369373127722728,1.339469982411509,1.3416243863938029,1.3430530228631274,1.3434590104655322,1.3436484303993013,1.3438522512119857,1.3435434416490444,1.342563305496767,1.3417720337464953,1.3428856788433887,1.3441103436971582,1.3464884726400195
59,glucose,chronos,msis,10.662212034377221,0.9090009151960784,1.9831458203527086,3.1374694952597286,4.193676587760139,5.121785490816515,5.916986526447001,6.614680561835125,7.217386096686561,7.762287382716657,8.240136366228088,8.661439037837736,9.04742418859149,9.37012017397141,9.661212878964639,9.946558994910369,10.19836842511725,10.44252052647298,10.68271496757117,10.8997504650737,11.10486451813828,11.273471058048584,11.436805833314533,11.601274489865519,11.7556390631953,11.907341099807889,12.064117849554925,12.215906097089245,12.379918308425971,12.518581169133713,12.635260803058085,12.757910217439221,12.884540600396873,12.99214327496274,13.05760605178713,13.09763536550681,13.160756552229813,13.235452057009734,13.295482543792561,13.355981681654225,13.416565349738836,13.47787184427045,13.5416368495163,13.608065933102251,13.68231449738323,13.749788589055363,13.804324163014808,13.8530682554971,13.915188632307819
60,glucose,lag-llama,mase,8.838252710130217,4.168037614685031,5.1694899903516145,5.780060486034197,6.231232526157465,6.620943727190842,6.9460622502478335,7.190176624208645,7.467042853009545,7.791016593072306,8.022357716598984,8.218049035154648,8.350201740314013,8.452635446245933,8.55038525335685,8.658944489215003,8.738705612302418,8.799085781155139,8.865735510801406,8.886956652427394,8.91859311969638,8.94548884158702,8.974853368963135,9.0377010410035,9.09590151864728,9.224129652760686,9.3127534465823,9.450311470516962,9.536892508579388,9.616895060619036,9.68750247903557,9.790880802501686,9.868270364681782,10.040148234912728,10.169159399857795,10.265207975584714,10.277319216299531,10.261374221542649,10.238695973731781,10.180112233549718,10.107562416689946,10.104114546049034,9.972698282415326,9.886513779152653,9.811587912313868,9.746095845868714,9.648557754631053,9.611307905960635,9.548380809986293
61,glucose,lag-llama,tce,0.09133635876225492,0.02536764705882348,0.018367034313725536,0.03613664215686278,0.04142156862745103,0.05176164215686278,0.04954044117647065,0.05398284313725496,0.058961397058823584,0.06524203431372552,0.05145526960784319,0.055147058823529424,0.061810661764705885,0.07153799019607844,0.07536764705882353,0.081265318627451,0.08118872549019608,0.08693321078431372,0.08471200980392156,0.08869485294117647,0.0895373774509804,0.08662683823529412,0.08455882352941176,0.08808210784313725,0.08915441176470588,0.09489889705882354,0.09543504901960785,0.09918811274509803,0.09980085784313726,0.10409007352941177,0.10661764705882353,0.10753676470588235,0.10845588235294118,0.08333333333333331,0.11006433823529412,0.11596200980392156,0.1171109068627451,0.1209405637254902,0.12308517156862744,0.12392769607843136,0.11971507352941177,0.14407169117647056,0.12837009803921567,0.13143382352941177,0.13143382352941174,0.13595281862745098,0.13472732843137253,0.13748468137254902,0.1336550245098039
62,glucose,lag-llama,wql,66.74981263914299,0.7044050169417588,0.8671711197748052,0.962633535260282,1.0327411255135375,1.091213847960533,1.1382648516076175,1.1781996463123618,1.2128902764902545,1.2521766309133344,1.2899833062116155,1.3146613915577712,1.3354731047730315,1.3483459077774549,1.3616356698130136,1.37599920467645,1.3867766671965749,1.3951762487397183,1.4042547240393144,1.4085337114358738,1.411429598519235,1.4127569025547893,1.4139599119250692,1.4223897262870588,1.4303309066411574,1.4460680567730408,1.4568889449570546,1.4721510190232991,1.4823634201028923,1.4908333176373179,1.5027398029645829,1.5138360883698168,1.5189341490626997,1.5352996930990472,1.5557279266629658,1.5649484692142641,1.5681512722257522,1.5692207912878757,1.5675256335523176,1.5627718973522013,1.5546399681469563,1.5610267122267893,1.5493700181597567,1.5400969486252376,1.531857734021375,1.523694874061,1.5160903204295637,1.5121200191434556,1.502052529121107
63,glucose,lag-llama,msis,33.791808321990224,21.122461988341282,23.354219234217464,24.384919329139333,25.394578770811133,26.170387742994503,27.038821197402275,27.77033168223499,28.375268349933624,28.580686350050687,30.464066722377982,31.317694691954216,32.019460991291204,32.44054470598622,32.95753145637788,33.258822418600786,33.70158450220264,33.78658475748805,34.11888464530838,34.31350944913246,34.48455898663415,33.60121639928282,33.71917075085994,33.7642003152015,33.96661637776323,34.22614525824715,34.5518738200035,34.705923805026615,35.103314424669904,35.36843982985685,35.7959378501855,36.1496514844412,35.974404030569794,36.73012300234575,36.98570368528322,37.28340718966447,37.62939016922944,37.90972231684586,38.222207834269504,38.43307025847785,38.08945454287799,38.21490988937367,38.390471560911045,38.45386769734086,38.65652072816988,38.63580922332922,38.808552223516536,38.76833119271215,38.81344562259585
64,glucose,nbeats,mase,6.098750157181888,1.0260658802107547,1.9239322786620576,2.6748002601714416,3.3225385810343457,3.873550971424865,4.320543169947215,4.653360934741688,4.939847250227432,5.179669475618817,5.3987912598791254,5.581702644704222,5.735421459415535,5.844822421278017,5.9823499140399266,6.086920994339158,6.193283426395481,6.306912153627536,6.339715691940873,6.444655462905263,6.508463931733967,6.525123606126105,6.627921962970132,6.644511308334741,6.663881412345335,6.727478913462177,6.756185137716249,6.807316683476299,6.836455995294345,6.8781380753138075,6.906797284092902,6.953922217874236,6.947525453696122,6.958933456710654,6.963353456624154,6.9759414225941425,6.98844787876035,7.011833895929766,7.034763786366343,7.029389168616883,7.063621993998563,7.073046573506114,7.079242015214603,7.1011038831030895,7.13079773110657,7.162809980610267,7.176781222806327,7.2048623543493155,7.172472511433298
65,glucose,nbeats,tce,0.10532577874557125,0.1989149305555555,0.17588354577056775,0.1332946635730858,0.09191347270615557,0.06700581395348834,0.037601862630966196,0.038097319347319344,0.04419486581096849,0.031176985981308414,0.027558479532163782,0.03536299765807967,0.04325908558030485,0.046992370892018825,0.05727085781433612,0.070514705882353,0.07068610129564198,0.07785966981132078,0.08313164108618659,0.08169326241134758,0.09082840236686396,0.094061018957346,0.09870996441281144,0.10166270783847986,0.10439952437574321,0.11116071428571433,0.114958283671037,0.11690035799522677,0.11406810035842296,0.1221441387559809,0.11983532934131741,0.12344124700239814,0.12480492196878756,0.1288010817307693,0.12445848375451268,0.12349397590361452,0.12901085645355856,0.13514492753623192,0.12837061668681987,0.13580508474576275,0.13977272727272733,0.14033677184466023,0.14219319562575947,0.1449665450121655,0.14888855054811212,0.14443597560975613,0.1464590964590965,0.14787591687041568,0.14623623011015915
66,glucose,nbeats,wql,46.98575481482729,0.44498397429588754,0.4956787461867542,0.5610189972912427,0.6333488716610617,0.6975601606911612,0.752796102763617,0.8015564174883978,0.8361574200844237,0.864519778447612,0.8948862875440197,0.9169541776986975,0.9420331496005767,0.9547253875941244,0.9722830363608637,0.9852094337744233,0.9972396614445582,1.011681044399603,1.0189289085712923,1.0308546481675367,1.034323639725309,1.040619561711443,1.048629719076716,1.0538015565994723,1.0581911981879548,1.0630370655614014,1.066577653379982,1.0719447912641562,1.0733937488337377,1.0767456214985398,1.0795628229606755,1.0803982933003637,1.081144914308972,1.0811370062652377,1.0824409642278237,1.0809190148107546,1.080082846832115,1.0815541433714206,1.0821724660936727,1.079944484065131,1.0830966720570863,1.0834730962945887,1.0831795230898014,1.0856071090764043,1.0852731640527977,1.0885656027399184,1.0896704680601283,1.091052612592388,1.08679885072344
67,glucose,nbeats,msis,16.231290253541236,14.826515911805174,14.962146656078403,14.933037160479333,14.975754238271387,15.362255133397191,15.383934715699931,15.829807080788875,15.676369229834886,15.774697190650949,15.852253793325977,15.94238476623668,16.108785270297936,16.114363711910368,16.22745455094979,16.13893013093125,16.27509917700908,16.214383564894803,16.207277753685922,16.459669696959764,16.412180464700025,16.407325173113946,16.328109416106088,16.38465060921284,16.42330163232066,16.447639460054745,16.385940585645773,16.47725900177852,16.586174108860643,16.416826006673023,16.62159210283705,16.65323619018767,16.560087927712438,16.449577155942993,16.66059110603536,16.614181131586403,16.648862184681768,16.538400262504386,16.821766582828303,16.643665928818592,16.62117433969588,16.607500745950205,16.623688087546192,16.571401977616734,16.568438812705804,16.60092006515304,16.59402044853775,16.662859316644845,16.505441611319892
68,glucose,autoarima,mase,5.67575655728288,0.5085388204633263,1.1998954600806786,2.0167295733280337,2.763773982175419,3.3877818224122476,3.8999261319433556,4.313432911029859,4.656281491652922,4.932587827379049,5.161552225908624,5.360193382724536,5.527413061788622,5.66775762684161,5.783962942636173,5.88698028342933,5.980014173760428,6.057035730444448,6.1218330757999775,6.174839171477009,6.218862376282154,6.258715501711335,6.296468531956101,6.326678771729282,6.352948473384542,6.376409115330928,6.396756556005057,6.415986667314799,6.432473684451913,6.448112601949901,6.460603005615777,6.47033767660892,6.478851976768727,6.486338453717194,6.4939262131303455,6.500671474757921,6.505136328100395,6.508006252339756,6.509713070887738,6.510757754606986,6.510834253551105,6.510760197934143,6.510256185848685,6.509653906216631,6.509109111594671,6.508382086040726,6.508523001037677,6.509615473804661,6.510896351624528
69,glucose,autoarima,tce,0.10200811267157,0.12549189814814812,0.11403534183082267,0.10987529002320182,0.10722996515679438,0.10661337209302321,0.10512223515715943,0.10515734265734261,0.1059947491248541,0.10486273364485978,0.10548245614035084,0.10646955503512877,0.10562719812426725,0.10529636150234738,0.10584606345475907,0.10588235294117643,0.1050353356890459,0.10411261792452826,0.1023760330578512,0.10107860520094558,0.100887573964497,0.09980746445497626,0.09998517200474491,0.09897565320665079,0.0984096313912009,0.09880952380952376,0.09861442193087004,0.09856801909307872,0.09896953405017918,0.09877392344497603,0.0982784431137724,0.09763189448441244,0.09773409363745494,0.09806189903846149,0.09831528279181703,0.09834337349397587,0.09822074788902287,0.09809782608695647,0.0988059250302297,0.09845641646489099,0.09871212121212115,0.09942354368932035,0.09861786148238148,0.09849452554744521,0.09867539585870884,0.09893292682926826,0.0993437118437118,0.09960268948655251,0.09925030599755197
70,glucose,autoarima,wql,47.378045251728835,0.09500756074769216,0.22634700635458793,0.382823515180494,0.5244584722710087,0.6423401743275716,0.7378377804741307,0.8135915651258345,0.8730789777251693,0.9195786793630643,0.9563130981099273,0.9858256119547077,1.0098209699350393,1.029161795232364,1.044687234397706,1.0571820882960314,1.0674323381623785,1.0757041540291055,1.082311697538189,1.0875543619612433,1.0917557213614368,1.095040317894247,1.0976425218955994,1.0995858505775313,1.1010226478073992,1.1020223273720087,1.102708817774171,1.1031591503539662,1.1032900339695157,1.103235100548839,1.102975743648676,1.102490315162596,1.1018833125376564,1.1010888438471413,1.100130819565462,1.0991021898410254,1.0980248948267317,1.0967992088673735,1.0954265209555774,1.0939352193107748,1.0923464758235941,1.0907272248896058,1.0890798056212967,1.0874796721886413,1.0859797331666488,1.0845191664709508,1.0831312074572543,1.0818221999288675,1.080583126877999
71,glucose,autoarima,msis,24.862561887803405,2.43811154924871,5.733910154103591,9.64525926200984,13.175281190942956,16.112481222150063,18.49055348249905,20.3905611489525,21.89996046264479,23.09078432828349,24.030105285237603,24.772302931888888,25.361561860977993,25.82757968135054,26.195447564430392,26.487590735387034,26.72146279611488,26.908783713484112,27.059672987830492,27.18192820258185,27.28190874150633,27.36350225272091,27.431167534579732,27.48556465065672,27.530300323598908,27.56730752328445,27.598274752684205,27.623930939144692,27.645379990833547,27.66336975017754,27.678325271837085,27.69052354277417,27.700326946928527,27.708550611450395,27.71458848101021,27.719847718798395,27.724292822079097,27.72751460859057,27.729575200944556,27.73068456033838,27.730819123635037,27.730474206445198,27.729898188926448,27.72912141849846,27.728605187324558,27.728718961645377,27.728827713473756,27.729035902319023,27.72919512823841
72,meditation,timesfm,mase,1.0601313458277697,0.6930654334202708,0.8618911550086265,0.893914352163743,0.9088756119954774,0.9483760019345501,0.963542412986062,0.9622450709354934,0.9735614725246723,0.9851582820251344,1.0002315934151662,0.9939769507701276,1.0065521233409815,1.031547781184667,1.0490957480780103,1.0456802511893575,1.0478619630117636,1.0610972622379995,1.0633895375358224,1.057240977386469,1.0584846355184803,1.0680792477106709,1.0734667307249497,1.0744216796182464,1.07470608626018,1.086993821155204,1.09420224791438,1.0915792176551062,1.0903585903613793,1.1000607288439541,1.1047432751594866,1.1071358371063789,1.1083224791263058,1.1198821520028468,1.1276795242227295,1.1221198354744024,1.1196277951377436,1.1260765777305446,1.1274822833641633,1.1369826544900319,1.1386391306302774,1.142337685831799,1.1449940168664314,1.1430717594787574,1.1432407127380046,1.147059465078485,1.155599947456561,1.1532855236394375,1.1583669772916076
73,meditation,timesfm,tce,0.02294986719787513,0.03386454183266932,0.019920318725099598,0.030013280212483354,0.026029216467463437,0.03466135458167327,0.03200531208499331,0.0373173970783532,0.03532536520584324,0.04130146082337313,0.03532536520584324,0.03864541832669317,0.03930942895086317,0.025365205843293437,0.026029216467463437,0.028685258964143395,0.02735723771580341,0.02868525896414338,0.02868525896414338,0.032005312084993326,0.032005312084993326,0.02735723771580341,0.02868525896414338,0.026693227091633423,0.030013280212483368,0.025365205843293437,0.01806108897742359,0.014077025232403673,0.014077025232403673,0.020717131474103534,0.018725099601593576,0.018725099601593576,0.014077025232403673,0.010092961487383756,0.008764940239043784,0.015405046480743645,0.01806108897742359,0.015405046480743645,0.0127490039840637,0.014741035856573659,0.010624169986719792,0.012084993359893714,0.011420982735723728,0.011420982735723728,0.016733067729083617,0.017397078353253603,0.01606905710491363,0.007436918990703811,0.014077025232403673
74,meditation,timesfm,wql,13.689728799636093,0.18939075429835528,0.2336420260586132,0.24240368478794055,0.24673361936757623,0.2562548918525698,0.2594286910636225,0.25867318483018564,0.2611051538503583,0.26481975571898664,0.2691911254821682,0.2686359667543619,0.2715683968132508,0.2779179153407502,0.2818987655099204,0.2814800314102716,0.28196331911530675,0.28468109214640125,0.28483913470065614,0.2840915825603368,0.28459984183094345,0.2873127333630704,0.28862780153730805,0.2894647367741948,0.2896769029612783,0.29244735904451574,0.29436701039005786,0.29447848092731727,0.2940749689778921,0.2959116138222061,0.29790268374399054,0.2986919698147975,0.29856849286816445,0.30058162841377595,0.30168571161131663,0.30062594191433106,0.300535959330557,0.30204812455473684,0.3032581010583836,0.3053843428274258,0.30563352607296124,0.3061116844431486,0.30672963863696295,0.30695577911615973,0.30709119914727834,0.30772488592577146,0.3097925986457444,0.30986691406895805,0.3108590761512143
75,meditation,timesfm,msis,3.605918023693221,2.4508556305369305,2.851512390674827,3.0400257217834605,3.123447309945377,3.267050937127616,3.313365066217899,3.3447402286704735,3.3753552664299096,3.431440684879601,3.4749260079290636,3.493218794701222,3.521011152607074,3.5487159563222117,3.574844741546536,3.578647559294759,3.5797274660112146,3.6005821448327233,3.601750843791387,3.629696767224846,3.642896758978243,3.672523643322003,3.674246055410816,3.6894151382698666,3.6992854163393867,3.704422680431728,3.7179192843052697,3.7187284670164638,3.716699232757895,3.739155211732275,3.759550069892764,3.757277352895374,3.7691283337426698,3.7748259010956966,3.7648229157063224,3.7663258350289692,3.784955984067088,3.7896487136132775,3.8018863557215026,3.813280228066772,3.8197363666311763,3.8224186083184555,3.8236320084207676,3.829785190927568,3.840285240090355,3.845440436171914,3.8449911174688283,3.8431735344587303,3.856694385865305
76,meditation,moirai,mase,1.1069924776742288,0.8674259454337055,1.0039046533871787,0.9955212825929413,0.9854673527550477,1.0390840401313952,1.0594723672614643,1.0418252585685293,1.0186182040097727,1.048103526743704,1.0811203577800543,1.0508966760255658,1.049879420058832,1.0770742855247686,1.1139738050419594,1.0943499831982175,1.0737076790972198,1.0897065977225224,1.117678447653955,1.0895387174674818,1.074262699073171,1.099394283003285,1.114855492426303,1.1082764275376016,1.0899846935447137,1.115759074164998,1.1256349204890927,1.1229160990771636,1.1095275509346054,1.1154809967962154,1.1251498984752488,1.142435126227105,1.142437055469477,1.1660990458505207,1.1796878988556312,1.1683895442081051,1.1392344976311788,1.1339317204378605,1.1683163990786498,1.1876103401604243,1.1823186241863473,1.1722752556033418,1.2003280419394433,1.1906824589718699,1.1636934272557888,1.1485563266145304,1.1805393435635116,1.1920475036265445,1.1784655827059363
77,meditation,moirai,tce,0.04244134572819829,0.033200531208499334,0.027091633466135495,0.020584329349269584,0.03067729083665334,0.023904382470119515,0.0252324037184595,0.01859229747675964,0.02735723771580341,0.031341301460823326,0.024568393094289515,0.03452855245683932,0.034528552456839307,0.030677290836653354,0.04183266932270917,0.031208499335989376,0.042629482071713104,0.046613545816733035,0.029349269588313368,0.04262948207171309,0.04727755644090302,0.04196547144754312,0.029349269588313368,0.03598937583001324,0.04130146082337313,0.05059760956175294,0.04130146082337313,0.043957503320053076,0.04661354581673302,0.05458167330677287,0.051925630810092924,0.039973439575033146,0.045949535192563035,0.03386454183266932,0.033333333333333284,0.03930942895086317,0.049269588313412965,0.05723771580345281,0.04794156706507299,0.04794156706507301,0.053253652058432896,0.06454183266932267,0.04727755644090301,0.05458167330677286,0.06852589641434259,0.06918990703851258,0.0632138114209827,0.06918990703851258,0.07118193891102254
78,meditation,moirai,wql,14.378763642723419,0.23091628480303567,0.26799122439577494,0.2677270718717716,0.2658142956101556,0.2797358165882269,0.2854898823590889,0.27938487704408266,0.27339058171241815,0.2809153465361458,0.28887235861167077,0.2844211514024405,0.28374915202331047,0.288956337207745,0.3002512124127007,0.2963616486871961,0.2909961388949496,0.2951387224859325,0.3003213485014142,0.29520518815877056,0.292326926546239,0.29677208862813476,0.30120304213046384,0.30134130993555686,0.29804712498019625,0.30231076754448005,0.3049188680516807,0.30462860391133006,0.3018416045983164,0.3043854470526895,0.30769774450879334,0.312333921917925,0.3146130389958131,0.31584779397977886,0.3201050458357184,0.31700305312836585,0.30974501949088895,0.30864705774982787,0.3157382094402287,0.31840409590796526,0.3178706973896742,0.31497449706225433,0.32203972596001007,0.32257827560552893,0.3158284346959519,0.31323363246886254,0.3213091004398257,0.32412903830814355,0.32325083715194325
79,meditation,moirai,msis,4.128723586904604,2.9287035195504396,3.230709605562369,3.3675885849177627,3.4309224134239678,3.4840650229376053,3.4742602239574487,3.5659249830551465,3.6402485617088716,3.684415470684817,3.7238850420876926,3.798631525104173,3.7700194608660738,3.7842090105089192,3.8797724956896324,3.921111708163763,3.988804392943511,4.046270222708835,4.020816228969836,4.052247235301667,4.10766208078808,4.107633206688823,4.10121667719619,4.162892186438989,4.1738507554159,4.246498713573181,4.234145578225574,4.262695658746517,4.252762748435457,4.317121332433294,4.29813697770172,4.369257785978751,4.463333669243063,4.403336763275782,4.385043665388692,4.4172943061297305,4.3936886820552505,4.450566532132859,4.402469587346495,4.455294032832403,4.579101023135888,4.581355907540528,4.61316009866647,4.704917646264865,4.687783116593437,4.6837258377902655,4.7855564620152755,4.836465761715501,4.909159669529409
80,meditation,chronos,mase,1.119892907146675,0.6766912765385109,0.8678149998803063,0.9185620225147646,0.9382871053475571,0.9832182367816665,0.9991588246740465,1.0085597267598763,1.0215718086331362,1.0373547096874158,1.0571197220060304,1.0662175539183765,1.0757885920039303,1.0810741971932158,1.0947949741094685,1.1141492366779004,1.1162823513253783,1.1296513752694033,1.1308336337435965,1.1311653583701649,1.1367228231136708,1.1399544800091812,1.1593776043018327,1.1372133794278174,1.1392017922858084,1.163295485647541,1.1783287730702976,1.1532407866715713,1.1418750603510694,1.163641304741656,1.181458989363579,1.1738422420609465,1.1718739092181594,1.1803091589415342,1.1871716578545062,1.184261820533891,1.1795598361357333,1.1783709829053484,1.2009669651360972,1.211637544168164,1.2208543033789023,1.2210919936173261,1.2231593479434792,1.2066928784996327,1.2163518372359938,1.2218386697122237,1.2058482625371663,1.2041095545629588,1.224312394179553
81,meditation,chronos,tce,0.5558100929614874,0.5324037184594954,0.5357237715803453,0.5443559096945552,0.5430278884462152,0.5576361221779549,0.5357237715803453,0.5583001328021249,0.5403718459495352,0.5423638778220452,0.5423638778220452,0.5602921646746348,0.5702523240371846,0.552324037184595,0.550996015936255,0.5483399734395751,0.5669322709163347,0.5662682602921647,0.5609561752988048,0.5695883134130146,0.5662682602921648,0.5642762284196547,0.5589641434262949,0.5476759628154051,0.5556440903054449,0.5629482071713148,0.5476759628154051,0.554316069057105,0.5397078353253653,0.5589641434262949,0.554316069057105,0.5602921646746348,0.5563081009296149,0.5682602921646747,0.5768924302788845,0.5563081009296149,0.5616201859229748,0.553652058432935,0.5483399734395751,0.5490039840637451,0.5795484727755644,0.5675962815405047,0.5602921646746348,0.551660026560425,0.5702523240371846,0.554316069057105,0.549667994687915,0.5602921646746348,0.5656042496679947
82,meditation,chronos,wql,16.046523069566984,0.20628765730027543,0.2631225689586288,0.2796648170780733,0.2859890665563798,0.29695116962637064,0.3017083029845236,0.3037305270321516,0.30690703488756427,0.3120520014509917,0.3150193712438311,0.3195334450815376,0.3219081647604239,0.3243816212160638,0.33033666060225214,0.3328977572184252,0.3329577487501493,0.33862576966208724,0.3374287500330806,0.3379659139984078,0.3379837501990285,0.3407926532758477,0.34205926660321706,0.33958932915344187,0.3390202214434307,0.3450723035218849,0.34884982683681315,0.34649993054810174,0.3428246941884156,0.3461339289270668,0.34916603602685153,0.35095729084751276,0.3488908772428009,0.35156548772644325,0.3541269494970997,0.3516993214430164,0.35198792843316706,0.35011647083374736,0.3541858806906022,0.35843824514937783,0.36179388041304233,0.3618752039783976,0.3623537157549437,0.3601029368485603,0.3615513224062681,0.36156308185349517,0.35803406224813994,0.35920751461907496,0.3626126104159771
83,meditation,chronos,msis,1.7211217738946765,0.9872339123360373,1.2655749033665922,1.3550821835223816,1.3985964996326772,1.436863171872747,1.5005576164236016,1.4997577066241108,1.5211245686135044,1.547108393110111,1.5771250900157119,1.5748203659499376,1.5864194803549645,1.615253832276792,1.6496814553951364,1.6706211498580354,1.675801267637161,1.6832434914083991,1.7116366209002944,1.7161454546994435,1.7426623980760043,1.7300637620697568,1.7591697902911536,1.7526985528032581,1.7540876448575968,1.7893406445128779,1.7909229282558152,1.7902534064041413,1.7870017291348437,1.8153819556096777,1.8325438574594264,1.8257561967638591,1.8308791442096122,1.8437214296258688,1.8419502009880055,1.8516762079952027,1.8592045608619105,1.868370884790583,1.8752654497244292,1.8986948799146772,1.9209243969347356,1.9320979186517744,1.9319281861173785,1.9300480685894292,1.9164746973545297,1.9324466960979594,1.9512317698187491,1.9484129323093275,1.9379876927242554
84,meditation,lag-llama,mase,1.3207287154249914,1.2324182914005417,1.2810913745484285,1.2444050548897692,1.276486360106676,1.2849890656505707,1.2750209166062076,1.2973041981985218,1.2775561083938538,1.2565558426097476,1.3268862426289998,1.2562147963052683,1.293314079877113,1.3425197104397923,1.2880333490942337,1.330562005164233,1.3039046665809022,1.3274804869245136,1.3298404394837608,1.3520228791024256,1.3097182284689777,1.3151988492817814,1.3268596544656022,1.3361610255079386,1.3479109515522716,1.2994702819520922,1.3178051656736494,1.3251108027756355,1.3592704322550755,1.3551540709659153,1.3431709723236631,1.3456137061363622,1.349344769108758,1.3118437066038302,1.34491940819682,1.3446168109226915,1.3335474825151645,1.3342955541798536,1.3726718783461578,1.3470969251903526,1.3401523516664604,1.3468238144950193,1.3157967001114987,1.3405960119639189,1.321038366996448,1.3772217170957906,1.331425459596564,1.3762133396791132,1.3493240343666117
85,meditation,lag-llama,tce,0.1996956617972554,0.19999999999999996,0.19999999999999996,0.19999999999999996,0.19999999999999996,0.19999999999999996,0.19999999999999996,0.19999999999999996,0.19999999999999996,0.19999999999999996,0.19999999999999996,0.19999999999999996,0.19999999999999996,0.19999999999999996,0.19999999999999996,0.19999999999999996,0.19999999999999996,0.19999999999999996,0.19999999999999996,0.19999999999999996,0.19999999999999996,0.19999999999999996,0.19999999999999996,0.19999999999999996,0.19999999999999996,0.19999999999999996,0.19999999999999996,0.19999999999999996,0.19999999999999996,0.19999999999999996,0.19933598937582997,0.19999999999999996,0.19999999999999996,0.19933598937582997,0.19999999999999996,0.19999999999999996,0.19999999999999996,0.19933598937582997,0.19800796812749,0.19867197875165998,0.19933598937582997,0.19933598937582997,0.19867197875165998,0.19867197875165998,0.19933598937582997,0.19933598937582997,0.19933598937582997,0.19867197875165998,0.19800796812749
86,meditation,lag-llama,wql,31.457165951108234,0.6501151299348789,0.6814733179172897,0.6847619731725302,0.6910048903666082,0.6904187763104346,0.6924590297836417,0.6933348566729096,0.6815673339964612,0.6563841073493366,0.6856984661395896,0.6822701518413682,0.6888145306055101,0.693349207186636,0.6922850858629368,0.6908086330398239,0.6945328648333412,0.6877327226898506,0.6932853231409756,0.6914914766293119,0.690091861678644,0.6740810555527116,0.6722206081943924,0.6733405428759028,0.675215976718893,0.6688524897209658,0.6710722746411327,0.6718686595844326,0.6711081337716758,0.66848063919467,0.6659734914094808,0.6663912804610969,0.6437613615504725,0.6352194810373724,0.6304498688589991,0.6278124762791687,0.6234038997728292,0.6240337823749923,0.6257402062567055,0.6219051853577292,0.6041439185551455,0.600273084485043,0.5955535811098325,0.5940075188423519,0.589722092109589,0.5901432460121568,0.584491285135424,0.5891199069355163,0.5869001651574725
87,meditation,lag-llama,msis,17.96045068344854,17.948404965176483,18.973122949135533,19.269665628685804,19.26554402035827,19.199475612656137,19.37916214314713,19.295760621263653,19.043905983139812,18.163442782754668,19.047172091661754,19.077087836716508,19.228714888482738,19.244934092626163,19.3033291746295,19.203209102504612,19.321786154226626,19.180470161968618,19.234623357212687,19.147312071773534,19.21755633791339,18.714465213314796,18.606743255857083,18.581532945315622,18.61934069095249,18.547522127390334,18.593528310638096,18.556007625847574,18.498875799285962,18.419017381108716,18.441993933028407,18.32757374960338,17.525809046931656,17.290449988819578,16.975582563274283,16.95149518092066,16.804269187217027,16.745052363084003,16.752962965881377,16.621368282106765,16.12013129372341,15.81095877819093,15.873205364233046,15.756627536388573,15.68325139749708,15.404465533637763,15.423555463345672,15.386073071396694,15.325093780505325
88,meditation,nbeats,mase,1.161067614234082,0.7464501607419447,0.9587123221792514,0.9735748024262804,1.012839474350434,1.0676296608705902,1.053835886546564,1.0588302526159987,1.0567675746094647,1.0984758522027052,1.068891040225951,1.0917301263514243,1.086704964535265,1.1335629889339092,1.1261848127075305,1.132131991081289,1.1641340540415694,1.2298232728436516,1.1265736198952332,1.1222669788779605,1.155567518103887,1.1974171929901738,1.1657270556842987,1.1117017212854368,1.1425289399695349,1.2151605189433512,1.193158597691032,1.1598187340560882,1.2284962040598384,1.2326629123280004,1.1763037784482127,1.1809145013219473,1.215757092403244,1.2429508248802652,1.232376109455575,1.2046485746582605,1.2050040163474591,1.265676934654155,1.229338813106743,1.2552389549358376,1.2677448580661623,1.288236113477452,1.3010608341393448,1.279475558840466,1.258759317774992,1.2719667137003268,1.2660113740098713,1.2205841501926664,1.2578377316742986
89,meditation,nbeats,tce,0.195240174897272,0.19999999999999996,0.19944071588366885,0.1977553310886644,0.19549549549549544,0.19661016949152538,0.19489795918367342,0.19715585893060292,0.1948630136986301,0.19599083619702173,0.19712643678160915,0.1965397923875432,0.19537037037037033,0.19767711962833912,0.19708624708624706,0.19766081871345026,0.19647887323943658,0.19705535924617193,0.1952718676122931,0.19703440094899166,0.19464285714285712,0.19462365591397845,0.1976019184652278,0.19338146811070994,0.19214975845410623,0.19151515151515147,0.19330900243309,0.19694749694749691,0.19325980392156858,0.19261992619926194,0.19567901234567897,0.19504337050805448,0.19067164179104473,0.18876404494382018,0.19310776942355884,0.19559748427672952,0.1924242424242424,0.18795944233206585,0.19554707379134856,0.19425287356321835,0.19423076923076918,0.19420849420849418,0.19806201550387592,0.19805447470817117,0.1967447916666666,0.19281045751633985,0.19475065616797896,0.19736495388669295,0.19669312169312164
90,meditation,nbeats,wql,29.628457675278582,0.6298488177771947,0.6539396921902458,0.6526441595296354,0.6497204080629176,0.6460441897339483,0.6487525962367089,0.6473540713243723,0.6430831973262947,0.6466842710583001,0.6418377171620991,0.6476890001813631,0.6397610585753274,0.6352433701380937,0.6402954982856459,0.6272813449602088,0.6440662087728338,0.634581324210018,0.6252698822117363,0.6258777243837349,0.6300255399805783,0.6283851066771704,0.6244539428955145,0.6212278092956164,0.6233733384168433,0.6185944077002186,0.616621931244491,0.6111176690785419,0.626450342486844,0.6143590141244689,0.6127116708481465,0.6019074085781624,0.607088438941343,0.6058728820644719,0.6099326372239899,0.60523492439326,0.5998336253465208,0.6032151231845041,0.5976299265285522,0.5854231997808809,0.587116494276516,0.5947562959829429,0.5800305836016871,0.5757120056430213,0.580584422224764,0.5815043148045583,0.5750524883211862,0.5637146904909606,0.5665529090221488
91,meditation,nbeats,msis,10.211713204495314,10.10664084204354,10.268052199443336,10.178345605286102,10.140094660327753,9.96610587493527,10.154392561866102,10.219053190271552,10.082857066549378,10.253237840496299,10.218679751606194,10.153685316252366,10.094405868185405,10.129808070900596,10.210435523176358,10.018314235655353,10.277143799848416,10.090982259546523,10.082851316145886,10.204976277121709,10.311779541037739,10.253485072203102,10.237988313487367,10.185227401955398,10.242090394046787,10.19588834884211,10.126601855072876,10.112028482288148,10.349424470284996,10.159878627551493,10.25627374513305,10.24503313749377,10.16619537578694,10.219789622358208,10.461597643719234,10.401494318220836,10.329645211111028,10.290346036627579,10.502056578545176,10.26621905141412,10.20801496372912,10.30053557844047,10.160212697297512,10.225867421993684,10.278671181145087,10.168057367082408,10.333333830668282,10.148877683870804,10.17555760470957
92,meditation,autoarima,mase,1.1476946032568527,0.7283781686757022,0.9477153159113072,0.9919271319111287,1.0100297010126904,1.0618762904000996,1.1117156055792827,1.0749048865816704,1.0402123168715331,1.0684141939346996,1.1158556986666133,1.1092889585378318,1.0767914420553246,1.1150034821398342,1.167739689602065,1.1599563468661156,1.1276244166660265,1.1372411388096368,1.1734513963656248,1.167804255729271,1.1261801218551657,1.1258174170750312,1.1681085997474387,1.1791326090195637,1.1543397559338267,1.1621189727407422,1.1995416468704259,1.2109956289632604,1.1833333901355632,1.1768591167254083,1.19828999441471,1.2162049814110254,1.193559757609816,1.1857274386712258,1.2087818916042745,1.226622164728803,1.193058206735509,1.1791216558565116,1.215593833283451,1.2603287614670178,1.2484210395769386,1.2163170955728884,1.2404157225540327,1.2421035982480875,1.2112668071550343,1.1640157678028633,1.1820752024566,1.218378268467124,1.2167010733301358
93,meditation,autoarima,tce,0.16675691795919514,0.12140468227424744,0.12729306487695746,0.12087542087542083,0.12173423423423418,0.12146892655367227,0.1325396825396825,0.14482366325369733,0.14863013698630134,0.1541809851088201,0.15172413793103443,0.15386389850057663,0.1600694444444444,0.16341463414634144,0.16037296037296034,0.16023391812865492,0.16478873239436614,0.16348645465253236,0.16690307328605197,0.16441281138790032,0.16726190476190472,0.16953405017921142,0.16942446043165463,0.1699157641395908,0.17161835748792265,0.1745454545454545,0.17201946472019458,0.1737484737484737,0.16997549019607838,0.1729397293972939,0.1753086419753086,0.17459727385377938,0.17636815920398005,0.17627965043695376,0.17807017543859643,0.17987421383647795,0.18295454545454543,0.1809885931558935,0.18218829516539436,0.18786717752234988,0.18589743589743585,0.18712998712998707,0.18643410852713174,0.1863813229571984,0.18958333333333327,0.19150326797385617,0.18950131233595796,0.18945981554677202,0.19074074074074068
94,meditation,autoarima,wql,23.110380305948528,0.27649179093288323,0.35352601647275805,0.3696375383940655,0.3755928340325863,0.39170580423132567,0.4061580214017346,0.40820929832371133,0.40749383577740583,0.415131160476821,0.4274110571487879,0.4322007182235298,0.4340454835586349,0.4424700001704688,0.4524556606557595,0.45784758160310507,0.4591505817502655,0.46375116146730355,0.47104954269749033,0.4751060067536703,0.47601634521118225,0.4802015532527868,0.48769780752928976,0.4924126849349807,0.49426370504800876,0.49808043013767034,0.504998335751881,0.5093776016724235,0.5104364935433923,0.5126064536233499,0.5178123183238542,0.5222780362032163,0.5233937307299726,0.5252778958903828,0.5292499183665199,0.5325301546463372,0.5320327274401259,0.5324996041500671,0.5370223302099568,0.5410268297664729,0.5418227159199853,0.5417862429331938,0.5456650769434436,0.5483608245929558,0.548472685142499,0.5477945717402566,0.5503841498485349,0.5532426485318955,0.5542023397915863
95,meditation,autoarima,msis,7.450082778859686,3.451203414597512,4.440436700832094,4.628258449079767,4.716393000079569,4.96131269506399,5.256327825477742,5.419495391423511,5.533255117109379,5.680359946504987,5.855860165089064,6.0057968699978135,6.135051428495773,6.2678712651327935,6.408490116820897,6.5407906187691225,6.664254746475485,6.7888500714852285,6.913106444604041,7.033618459934236,7.15050891063855,7.266295555973549,7.380778548238262,7.4936281297295295,7.603100443205042,7.711504410173188,7.8186666463558945,7.923721003111215,8.027793498126497,8.130170864416803,8.233311874297724,8.334188699223928,8.432655115875013,8.528838149790923,8.624729019962158,8.718486637602151,8.81116385309491,8.903499286888477,8.99499733004588,9.085331862024988,9.175664435817385,9.264801553694822,9.354173819645116,9.442087311645002,9.528426032322196,9.614627813309875,9.699094369345087,9.783879901519702,9.867115582218076
